Name,Address,Grades,Latitude,Longitude 
Cappy's Pizza,"'672 Truman Pk.,Boston,MA,USA'",'A; B; C',42.252176,-71.1182602
D'Angelo,"'1345 Hyde Park Ave.,Boston,MA,USA'",'A; B; C',42.2530577,-71.1251695
Subway,"'1281 Hyde Park Ave.,Boston,MA,USA'",'A; B; C',42.2552829,-71.1245567
Piece Of Pizza,"'1280 Hyde Park Ave.,Boston,MA,USA'",'A; B; C',42.2553199,-71.1242165
Rincon Caribeno Restaurant,"'18 Fairmount Ave.,Boston,MA,USA'",'A; B; C',42.2556731,-71.1208773
Zaz Restaurant,"'1230 River St.,Boston,MA,USA'",'A; B; C',42.255717,-71.123019
Red Moon Restuarant,"'1299 River St.,Boston,MA,USA'",'A; B; C',42.2558178,-71.1249461
Las Vegas Seafood Restaurant,"'1200 River St St.,Boston,MA,USA'",'A; B; C',42.2560217,-71.1217542
River Grille Restaurant & Cafe Inc.,"'1263 River St.,Boston,MA,USA'",'A; B; C',42.256027,-71.1238818
Farah's Cafe Restaurant,"'1158 River St.,Boston,MA,USA'",'A; B; C',42.2563776,-71.1203881
The Master Mcgrath,"'1152 River St.,Boston,MA,USA'",'A; B; C',42.2564595,-71.120328
Dunkin' Donuts,"'21 Austin.,Boston,MA,USA'",'A; B; C',42.258076,-71.12593
Asian Thai Eatery Inc.,"'1064 River St.,Boston,MA,USA'",'A; B; C',42.2588094,-71.1177451
Fairouz Restaurant,"'5268 Washington St.,Boston,MA,USA'",'A; B; C',42.2593278,-71.1588465
Viva Mi Arepa,"'5197 Washington St.,Boston,MA,USA'",'A; B; C',42.2614178,-71.1573202
Papa Giorgio's,"'239 Grove St.,Boston,MA,USA'",'A; B; C',42.261558,-71.1573839
No. 7 Restaurant,"'225 Grove St.,Boston,MA,USA'",'A; B; C',42.26183,-71.1572006
Vikos Pizza & Ribs,"'847 River St.,Boston,MA,USA'",'A; B; C',42.262851,-71.10841
Edu And Den's Restaurant,"'637 River St.,Boston,MA,USA'",'A; B; C',42.2651599,-71.0993101
Domino's Pizza,"'1672 Blue Hill Ave.,Boston,MA,USA'",'A; B; C',42.2676303,-71.0932265
Restauranchito,"'516 River St St.,Boston,MA,USA'",'A; B; C',42.2677061,-71.0936779
Brother Deli Restaurant,"'1636 Blue Hill Ave.,Boston,MA,USA'",'A; B; C',42.268114,-71.0933359
Mattapan House Of Pizza,"'1621 Blue Hill Ave.,Boston,MA,USA'",'A; B; C',42.2685477,-71.0940335
Afc Sushi @ Shaw's No. 586,"'4 River St.,Boston,MA,USA'",'A; B; C',42.2718903,-71.0697097
Standish Village,"'1190 Adams St.,Boston,MA,USA'",'A; B; C',42.2719271,-71.0660623
Spring St. Cafe,"'314 Spring St.,Boston,MA,USA'",'A; B; C',42.2719887,-71.1720965
Simco's Restaurant,"'1509 Blue Hill Ave.,Boston,MA,USA'",'A; B; C',42.272373,-71.0940433
Ester,"'2261 Dorchester Ave.,Boston,MA,USA'",'A; B; C',42.2732046,-71.0680553
Pats Pizza,"'2254 Dorchester Ave.,Boston,MA,USA'",'A; B; C',42.2734004,-71.067573
Sweet Life Bakery And Cafe,"'2243 Dorchester Ave.,Boston,MA,USA'",'A; B; C',42.2736971,-71.0679033
Domino's Pizza,"'4640 Washington St.,Boston,MA,USA'",'A; B; C',42.2748874,-71.1397325
Burger King No. 3531,"'4594 Washington St.,Boston,MA,USA'",'A; B; C',42.2759765,-71.1391773
Tony's Place,"'186 Baker St.,Boston,MA,USA'",'A; B; C',42.276111,-71.167361
Bani Restaurant,"'4541 Washington St.,Boston,MA,USA'",'A; B; C',42.2783531,-71.1372349
Burgerfi,"'75 Spring St.,Boston,MA,USA'",'A; B; C',42.2787237,-71.1632963
Panera Bread Bakery/Cafe No. 1411,"'75 Spring St.,Boston,MA,USA'",'A; B; C',42.2787237,-71.1632963
La Lechonera Cafe,"'342 Cummins Hw.,Boston,MA,USA'",'A; B; C',42.2788124,-71.1160201
Oasis Cafe,"'630 Hyde Park Ave.,Boston,MA,USA'",'A; B; C',42.2788709,-71.1189639
Lelene's Restaurant,"'1296 Blue Hill Ave.,Boston,MA,USA'",'A; B; C',42.2793776,-71.0927724
P & R Ice Cream,"'1284 Blue Hill Ave.,Boston,MA,USA'",'A; B; C',42.2797888,-71.0926221
Pu Pu Platter Restaurant,"'2060 Centre St.,Boston,MA,USA'",'A; B; C',42.2798755,-71.1582991
Nicholas Sub & Pizza Shop,"'600 Hyde Park Ave.,Boston,MA,USA'",'A; B; C',42.2800831,-71.1186758
Brannellys Cafe,"'4432 Washington St.,Boston,MA,USA'",'A; B; C',42.280257,-71.13435
Morton's Pizzeria,"'896 Morton St.,Boston,MA,USA'",'A; B; C',42.2807,-71.0839146
Just Not Subs,"'920 Morton St.,Boston,MA,USA'",'A; B; C',42.280707,-71.0829255
Pit Stop Barbecue,"'888 Morton St.,Boston,MA,USA'",'A; B; C',42.280756,-71.0841896
Windy City At Adams Village,"'516 Gallivan Bl.,Boston,MA,USA'",'A; B; C',42.2827675,-71.0555516
Mcdonald's,"'718 American Legion Hw.,Boston,MA,USA'",'A; B; C',42.2828909,-71.1135265
Kings Pizza & Grill,"'1210A Blue Hill Ave.,Boston,MA,USA'",'A; B; C',42.2829072,-71.0913989
Popeyes,"'710 American Legion Hw.,Boston,MA,USA'",'A; B; C',42.2829473,-71.112814
Anthony's @ Adams Village,"'789 Adams St.,Boston,MA,USA'",'A; B; C',42.2832473,-71.0559502
Greenhills Bakery,"'780 Adams St.,Boston,MA,USA'",'A; B; C',42.2832823,-71.0555812
Gerard's Sandwich Shop,"'772 Adams.,Boston,MA,USA'",'A; B; C',42.2833826,-71.0554847
Las Palmas Restaurant,"'4337 Washington St.,Boston,MA,USA'",'A; B; C',42.2833984,-71.1314173
China Sea Restaurant,"'1202 Blue Hill Ave.,Boston,MA,USA'",'A; B; C',42.283423,-71.0914217
Joseph's Pizza & Sub Shop,"'1200 Blue Hill Ave.,Boston,MA,USA'",'A; B; C',42.2835104,-71.0916231
New York Fried Chicken,"'1198 Blue Hill Ave.,Boston,MA,USA'",'A; B; C',42.2835606,-71.0916062
Allis Roti + Meat Market,"'1188 Blue Hill Ave.,Boston,MA,USA'",'A; B; C',42.283748,-71.0912565
Blasi's Cafe,"'756 Adams St.,Boston,MA,USA'",'A; B; C',42.2838094,-71.0553018
Triple Eatery,"'77 Cummins Hw.,Boston,MA,USA'",'A; B; C',42.2844975,-71.1256069
Papa Gino's,"'748 Gallivan Bl.,Boston,MA,USA'",'A; B; C',42.2847156,-71.0454636
Johnny's Pizza & Subs,"'1917 Dorchester Ave.,Boston,MA,USA'",'A; B; C',42.2851875,-71.0644569
Tavolo,"'1917 Dorchester.,Boston,MA,USA'",'A; B; C',42.2851875,-71.0644569
Chez-Vous Skating Rink,"'11 Rhoades St.,Boston,MA,USA'",'A; B; C',42.2853311,-71.092041
Simco's Inc.,"'679 Canterbury St.,Boston,MA,USA'",'A; B; C',42.2854219,-71.110053
West Garden Chinese,"'1890 Centre St.,Boston,MA,USA'",'A; B; C',42.2854839,-71.1557377
Bon Appetit Restaurant,"'1138 Blue Hill Ave.,Boston,MA,USA'",'A; B; C',42.2855177,-71.0903534
Blue Smoke Restaurant,"'1132 Blue Hill Ave.,Boston,MA,USA'",'A; B; C',42.2855961,-71.0909099
Comella's,"'1882 Centre St.,Boston,MA,USA'",'A; B; C',42.2856569,-71.1555497
Redd's In Rozzie,"'4253 Washington St.,Boston,MA,USA'",'A; B; C',42.2856755,-71.1293331
Romano's,"'4249 Washington St.,Boston,MA,USA'",'A; B; C',42.2857214,-71.1292568
Imperial Kitchen,"'50 Corinth St.,Boston,MA,USA'",'A; B; C',42.2858767,-71.12928
Rox Diner,"'1881 Centre St.,Boston,MA,USA'",'A; B; C',42.2860122,-71.1557771
Ashmont Grill,"'555 Talbot Ave.,Boston,MA,USA'",'A; B; C',42.2860648,-71.0647658
Phuket Thai Restaurant,"'1852 Centre St.,Boston,MA,USA'",'A; B; C',42.2860884,-71.1543777
Roche Bros. Supermarket,"'1800 Centre St.,Boston,MA,USA'",'A; B; C',42.2862365,-71.1519936
Riddick's House Of Pizza,"'400 Neponset Ave.,Boston,MA,USA'",'A; B; C',42.2864685,-71.0441353
Mud House,"'389 Neponset Ave.,Boston,MA,USA'",'A; B; C',42.2864815,-71.0446549
Blue Star Restaurant,"'11 Corinth St.,Boston,MA,USA'",'A; B; C',42.2865389,-71.1303503
Village Sushi & Grill,"'10 Corinth St.,Boston,MA,USA'",'A; B; C',42.2865865,-71.1302123
West,"'1732 Centre.,Boston,MA,USA'",'A; B; C',42.2870834,-71.1496115
Shanti Boston,"'4197 Washington St.,Boston,MA,USA'",'A; B; C',42.287211,-71.1275989
Mangia-Yogoteria,"'1727 Centre St.,Boston,MA,USA'",'A; B; C',42.287344,-71.1493772
Thai Spice,"'1745 Centre St.,Boston,MA,USA'",'A; B; C',42.2874632,-71.1502499
Los Amigos Mexican Grill,"'1741 Centre St.,Boston,MA,USA'",'A; B; C',42.2874711,-71.1501623
Red Eyed Pig,"'1753 Centre St.,Boston,MA,USA'",'A; B; C',42.2874905,-71.1504532
Banh Mi Ngon/Vietnamese Gourmet Sandwiches,"'1759 Centre St.,Boston,MA,USA'",'A; B; C',42.2874942,-71.15064
Christos Pizza,"'1761 Centre St.,Boston,MA,USA'",'A; B; C',42.2875662,-71.1506912
Empire Garden,"'686 Washington St.,Boston,MA,USA'",'A; B; C',42.2878589,-71.0711918
Dunkin Donuts,"'4175 Washington.,Boston,MA,USA'",'A; B; C',42.2879171,-71.1270075
Hong Kong 888 Cafe,"'888 South St.,Boston,MA,USA'",'A; B; C',42.2885656,-71.1343582
Sea Breeze Grill,"'1782 Dorchester Ave.,Boston,MA,USA'",'A; B; C',42.2895689,-71.0630737
Crown Fried Chicken,"'998 Blue Hill Ave.,Boston,MA,USA'",'A; B; C',42.2898133,-71.0892627
Top Griyo,"'986 Blue Hill Ave.,Boston,MA,USA'",'A; B; C',42.2899888,-71.0891877
Boston Market,"'1010 William T Morrissey Bl.,Boston,MA,USA'",'A; B; C',42.2901014,-71.0448547
Mcdonald's,"'607 Washington St.,Boston,MA,USA'",'A; B; C',42.290391,-71.071895
Dot 2 Dot Cafe,"'1735 Dorchester Ave.,Boston,MA,USA'",'A; B; C',42.2909799,-71.0630433
Guira And Tambora Restaurant,"'4014 Washington St.,Boston,MA,USA'",'A; B; C',42.2918179,-71.1221402
Arboretum Grill,"'4021 Washington St.,Boston,MA,USA'",'A; B; C',42.2919936,-71.122395
Domino's Pizza,"'4000 Washington St.,Boston,MA,USA'",'A; B; C',42.2923283,-71.1215439
Yucatan Tacos,"'1419 Centre.,Boston,MA,USA'",'A; B; C',42.2940177,-71.1368129
Perry's Catering,"'499 Washington St.,Boston,MA,USA'",'A; B; C',42.294102,-71.072233
The Boston Ice Cream Factory,"'777 William T Morrissey Bl.,Boston,MA,USA'",'A; B; C',42.2949355,-71.0484403
Sun Pizza.,"'870 Blue Hill Ave.,Boston,MA,USA'",'A; B; C',42.295062,-71.0875385
Country Kitchen,"'830 Blue Hill Ave.,Boston,MA,USA'",'A; B; C',42.2962219,-71.0871959
Simpli Bar N Bites,"'3840 Washington St.,Boston,MA,USA'",'A; B; C',42.2970242,-71.11665
Dunkin Donuts,"'1580 Dorchester Ave.,Boston,MA,USA'",'A; B; C',42.2970569,-71.0604478
Twelve Bens,"'315 Adams St.,Boston,MA,USA'",'A; B; C',42.2985976,-71.0576768
Pizza 24,"'301 Adams St.,Boston,MA,USA'",'A; B; C',42.2990786,-71.0581834
Magic Wok Restaurant,"'1512 Dorchester Ave.,Boston,MA,USA'",'A; B; C',42.2991047,-71.0603697
The Blarney Stone,"'1505 Dorchester Ave.,Boston,MA,USA'",'A; B; C',42.2993062,-71.0607079
Just Steaks,"'481 Geneva Ave.,Boston,MA,USA'",'A; B; C',42.2993239,-71.06476
Antonio's Pizzeria,"'1508 Dorchester Ave.,Boston,MA,USA'",'A; B; C',42.2993781,-71.0600672
Rino's Pizza,"'730 Blue Hill Ave.,Boston,MA,USA'",'A; B; C',42.2998041,-71.0860958
My Sisters Crawfish,"'272 Adams St.,Boston,MA,USA'",'A; B; C',42.29985,-71.058367
Saigon Seafood Restaurant,"'270 Adams St.,Boston,MA,USA'",'A; B; C',42.2999921,-71.0584995
Brassica Kitchen & Cafe,"'3710 Washington St.,Boston,MA,USA'",'A; B; C',42.300249,-71.113075
Tikki Masala Indian Restaurant,"'3706 Washington St.,Boston,MA,USA'",'A; B; C',42.3003573,-71.1129845
Oriental House,"'3704 Washington St.,Boston,MA,USA'",'A; B; C',42.3004123,-71.1128933
Minina's Cafe,"'430 Geneva Ave.,Boston,MA,USA'",'A; B; C',42.3005757,-71.0666576
Hills Deli,"'3696 Washington St.,Boston,MA,USA'",'A; B; C',42.3006458,-71.1126955
Yuen Barbeque Restaurant,"'1458 Dorchester Ave.,Boston,MA,USA'",'A; B; C',42.3008427,-71.0596858
Ba Le Fields Corner,"'1449 Dorchester Ave.,Boston,MA,USA'",'A; B; C',42.301172,-71.060096
Forest Hills Pizza,"'3722 Washington St.,Boston,MA,USA'",'A; B; C',42.3011727,-71.1124283
Papa Rino's Pizza,"'392 Geneva Ave.,Boston,MA,USA'",'A; B; C',42.301328,-71.0679259
Pho So 1 Boston,"'223 Adams St.,Boston,MA,USA'",'A; B; C',42.301506,-71.0600268
Archie's Place,"'227 Washington St.,Boston,MA,USA'",'A; B; C',42.3018246,-71.0775917
D'Benny's Subs,"'1433 Dorchester Ave.,Boston,MA,USA'",'A; B; C',42.3020177,-71.0598808
Giddy Up Grill,"'1 Franklin Park Pr.,Boston,MA,USA'",'A; B; C',42.302786,-71.08681
Boston Big Easy,"'624 Blue Hill Ave.,Boston,MA,USA'",'A; B; C',42.3029077,-71.0850348
Stash's Pizza,"'612 Blue Hill Ave.,Boston,MA,USA'",'A; B; C',42.3031985,-71.0850037
Tropical Island Restaurant,"'148 Bowdoin.,Boston,MA,USA'",'A; B; C',42.3038507,-71.0710082
Pho Hoa Restaurant,"'1370 Dorchester Ave.,Boston,MA,USA'",'A; B; C',42.3039882,-71.0590928
On The Dot Cafe,"'1353 Dorchester Ave.,Boston,MA,USA'",'A; B; C',42.3045188,-71.0593977
Mythos Pizza,"'203 Bowdoin St.,Boston,MA,USA'",'A; B; C',42.305133,-71.06806
Saigon One Restaurant,"'1331 Dorchester Ave.,Boston,MA,USA'",'A; B; C',42.30525,-71.059195
J P Kitchen,"'3510 Washington St.,Boston,MA,USA'",'A; B; C',42.3058337,-71.107846
Vina Roast,"'1305 Dorchester Ave.,Boston,MA,USA'",'A; B; C',42.3062357,-71.0591088
Yanes Burrito's,"'3492 Washington St.,Boston,MA,USA'",'A; B; C',42.3062541,-71.1074603
Doyles Cafe,"'3484 Washington St.,Boston,MA,USA'",'A; B; C',42.3064259,-71.1072393
One Family Diner Inc.,"'260 Bowdoin St.,Boston,MA,USA'",'A; B; C',42.3068012,-71.0666751
Restaurante Cesaria,"'266 Bowdoin St.,Boston,MA,USA'",'A; B; C',42.306923,-71.06667
Burrito's Pizzeria,"'224 Columbia Rd.,Boston,MA,USA'",'A; B; C',42.3075243,-71.0763991
Jerk,"'310 Bowdoin St.,Boston,MA,USA'",'A; B; C',42.3079436,-71.065478
Mi Casa Tu Casa Restaurant,"'299 Hancock St.,Boston,MA,USA'",'A; B; C',42.3081374,-71.0587093
Express Pizzeria,"'3381 Washington St.,Boston,MA,USA'",'A; B; C',42.3087402,-71.1052662
Papa Johns Pizza,"'1224 Dorchester Ave.,Boston,MA,USA'",'A; B; C',42.3087762,-71.0578362
King Do,"'1225 Dorchester Ave.,Boston,MA,USA'",'A; B; C',42.308859,-71.058521
Flames Restaurant Iii Inc.,"'469 Blue Hill Ave.,Boston,MA,USA'",'A; B; C',42.3090113,-71.0832465
El Embajador Restaurant,"'3371 Washington St.,Boston,MA,USA'",'A; B; C',42.3091641,-71.1052281
Dunkin Donuts Blue Hill Ave,"'456 Blue Hill Ave.,Boston,MA,USA'",'A; B; C',42.3094381,-71.0820627
Burger King,"'1200 Dorchester Ave.,Boston,MA,USA'",'A; B; C',42.309529,-71.057694
Grove Hall Pizza,"'651 Warren St.,Boston,MA,USA'",'A; B; C',42.3097686,-71.0830395
The Rotisserie,"'651 Warren St.,Boston,MA,USA'",'A; B; C',42.3097686,-71.0830395
Red Island Restaurant,"'657 Warren.,Boston,MA,USA'",'A; B; C',42.3103386,-71.083135
Dunkin Donuts(757 Centre St.),"'757 Centre St.,Boston,MA,USA'",'A; B; C',42.3104662,-71.1152151
Bartlett Square Cafe,"'154 Green St.,Boston,MA,USA'",'A; B; C',42.3104844,-71.1065318
J. P. Seafood Cafe Inc.,"'730 Centre St.,Boston,MA,USA'",'A; B; C',42.3108941,-71.1143439
The Real Deal,"'728 Centre St.,Boston,MA,USA'",'A; B; C',42.3110116,-71.114574
Sun Rise Restaurant Inc.,"'1157 Dorchester Ave.,Boston,MA,USA'",'A; B; C',42.3112537,-71.0576012
Galway House Inc,"'710 Centre St.,Boston,MA,USA'",'A; B; C',42.31131,-71.1141459
Nhu Lan Fast Food,"'1155 Dorchester Ave.,Boston,MA,USA'",'A; B; C',42.3114019,-71.0580481
Ghazal Fine Indian Cuisine,"'707 Centre St.,Boston,MA,USA'",'A; B; C',42.3114834,-71.114629
Noodle Barn,"'707 Centre St.,Boston,MA,USA'",'A; B; C',42.3114834,-71.114629
Mckenna's Cafe,"'109 Savin Hill Ave.,Boston,MA,USA'",'A; B; C',42.3115793,-71.0539351
Savin Scoops,"'107 Savin Hill Ave.,Boston,MA,USA'",'A; B; C',42.3115793,-71.0539351
Savin Bar And Kitchen,"'112 Savin Hill Ave.,Boston,MA,USA'",'A; B; C',42.3116909,-71.0535492
La Cuchara Restaurant Inc.,"'379 Blue Hill Ave.,Boston,MA,USA'",'A; B; C',42.311744,-71.081143
J & J Irish Pub & Grille,"'1130 Dorchester Ave.,Boston,MA,USA'",'A; B; C',42.3122453,-71.0571852
Corner Cafe,"'87 Prince St.,Boston,MA,USA'",'A; B; C',42.3123194,-71.1212087
Same Old Place Inc.,"'662 Centre.,Boston,MA,USA'",'A; B; C',42.31261,-71.113945
First Baptist Church In Jamaica Plain,"'633 Centre St.,Boston,MA,USA'",'A; B; C',42.3126572,-71.1143049
Taste Of India,"'1111 Dorchester Ave.,Boston,MA,USA'",'A; B; C',42.3126584,-71.0574935
Lucky Cafe,"'1107 Dorchester Ave.,Boston,MA,USA'",'A; B; C',42.3127356,-71.0574738
Navarrete Restaurant,"'445 Columbia Rd.,Boston,MA,USA'",'A; B; C',42.3128326,-71.0680476
J.P. Licks Inc.,"'659 Centre St.,Boston,MA,USA'",'A; B; C',42.3129047,-71.114463
Cape Verdeon Food Terraterra,"'79 Hancock St.,Boston,MA,USA'",'A; B; C',42.312984,-71.0650222
Harp & Bard,"'1097 Dorchester Ave.,Boston,MA,USA'",'A; B; C',42.313056,-71.057457
Delicias Del Caribe,"'149 Stoughton St.,Boston,MA,USA'",'A; B; C',42.314695,-71.0602723
Grass Fed,"'605 Centre St.,Boston,MA,USA'",'A; B; C',42.3147738,-71.1143228
Lucky Boston Chinese Rest.,"'3096 Washington St.,Boston,MA,USA'",'A; B; C',42.3150539,-71.098778
New York Fried Chicken,"'1985 Columbus Av Ave.,Boston,MA,USA'",'A; B; C',42.3150581,-71.0976251
Millenium Restaurant & Grill,"'3092 Washington St.,Boston,MA,USA'",'A; B; C',42.3151792,-71.0986509
New York Fried Chicken & Pizza,"'531 Columbia Rd.,Boston,MA,USA'",'A; B; C',42.315316,-71.0663966
Egleston Pizza,"'3080 Washington St.,Boston,MA,USA'",'A; B; C',42.3154112,-71.098455
Borinquen Bakery & Cafe,"'112 Stoughton St.,Boston,MA,USA'",'A; B; C',42.3154574,-71.061271
Sodexo U Mass Food Court,"'100 Wm T Morrissey Bl.,Boston,MA,USA'",'A; B; C',42.315672,-71.0479068
Boston Pizza & Grill,"'533 Columbia Rd.,Boston,MA,USA'",'A; B; C',42.3156864,-71.0659619
Mcdonald's(3060 Washington St.),"'3060 Washington St.,Boston,MA,USA'",'A; B; C',42.3158491,-71.0979374
Uphams House Of Pizza,"'556 Columbia Rd.,Boston,MA,USA'",'A; B; C',42.31633,-71.0661721
Dublin House,"'9 Stoughton St.,Boston,MA,USA'",'A; B; C',42.316871,-71.0647189
New Garden Restaurant,"'746 Dudley St.,Boston,MA,USA'",'A; B; C',42.3178188,-71.0668857
Ideal Cafe 'D Pizza,"'482 Centre St.,Boston,MA,USA'",'A; B; C',42.3185965,-71.1120871
Columbia Park Cafe @ Sovereign Bank,"'2 William T Morrissey Bl.,Boston,MA,USA'",'A; B; C',42.3188111,-71.0485813
Santander Bank Coffee Bar,"'2 William T Morrissey Bl.,Boston,MA,USA'",'A; B; C',42.3188111,-71.0485813
El Fongon Restaurant,"'170 Blue Hill Ave.,Boston,MA,USA'",'A; B; C',42.3189612,-71.0776057
Charlies Pizza And Kitchen,"'930 Dorchester Ave.,Boston,MA,USA'",'A; B; C',42.3190874,-71.0566212
Merengue Restaurant,"'156 Blue Hill Ave.,Boston,MA,USA'",'A; B; C',42.31919,-71.077559
Acapulco Mexican Restaurant,"'466 Centre.,Boston,MA,USA'",'A; B; C',42.3192366,-71.1118613
Blue Hill Pizza,"'161 Blue Hill Ave.,Boston,MA,USA'",'A; B; C',42.31929,-71.0779752
Canary Square,"'435 S Huntington Ave.,Boston,MA,USA'",'A; B; C',42.3197881,-71.1119981
Rita's Catering,"'Georges Island.,Boston,MA,USA'",'A; B; C',42.3200063,-70.9286732
El Oriental De Cuba,"'414 Centre St.,Boston,MA,USA'",'A; B; C',42.320863,-71.1106137
The Haven,"'401 Centre St.,Boston,MA,USA'",'A; B; C',42.321699,-71.1102515
Sorella's,"'388 Centre St.,Boston,MA,USA'",'A; B; C',42.3217674,-71.1099123
Brendan Behan Pub,"'378 Centre St.,Boston,MA,USA'",'A; B; C',42.3219921,-71.1092813
Pikalo J.P.,"'378 Centre St.,Boston,MA,USA'",'A; B; C',42.3219921,-71.1092813
Alex's Chimis,"'358 Centre.,Boston,MA,USA'",'A; B; C',42.3222409,-71.1076541
Miami Restaurant,"'381 Centre St.,Boston,MA,USA'",'A; B; C',42.3224184,-71.109246
Captain Nemo's,"'367 Centre St.,Boston,MA,USA'",'A; B; C',42.3225122,-71.1085812
Latino Restaurant,"'302 Centre St.,Boston,MA,USA'",'A; B; C',42.3227206,-71.1032357
Cappy's Pizza,"'304 Centre.,Boston,MA,USA'",'A; B; C',42.3227312,-71.1033726
The Old Havana,"'349 Centre St.,Boston,MA,USA'",'A; B; C',42.3227418,-71.1067284
Yely's Coffee Shop,"'284 Centre St.,Boston,MA,USA'",'A; B; C',42.3227801,-71.1020139
Tostado,"'300 Centre St.,Boston,MA,USA'",'A; B; C',42.3227915,-71.1031217
Victoria's Diner,"'1024 Massachusetts Ave.,Boston,MA,USA'",'A; B; C',42.3270323,-71.0667899
Hen House,"'1033 Massachusetts Ave.,Boston,MA,USA'",'A; B; C',42.327127,-71.067638
Cafe 1010,"'1010 Massachusetts Ave.,Boston,MA,USA'",'A; B; C',42.3279958,-71.0672402
Eurest Dining@Suffolk Construction,"'65 Allerton St.,Boston,MA,USA'",'A; B; C',42.3283473,-71.0702877
Vasquez Pizza & Spanish Food,"'258 Dudley St.,Boston,MA,USA'",'A; B; C',42.3286292,-71.0790261
Peking House,"'160 Dudley St.,Boston,MA,USA'",'A; B; C',42.3286361,-71.0831277
Arizona B B Q,"'2360 Washington St.,Boston,MA,USA'",'A; B; C',42.3293674,-71.0844591
Royal Fried Chicken,"'2360 Washington St.,Boston,MA,USA'",'A; B; C',42.3293674,-71.0844591
Yummy Yummy,"'2360 Washington St.,Boston,MA,USA'",'A; B; C',42.3293674,-71.0844591
Supreme House Of Pizza,"'309 Old Colony Ave.,Boston,MA,USA'",'A; B; C',42.3296394,-71.0530241
Hafun Cafe,"'37 Roxbury St.,Boston,MA,USA'",'A; B; C',42.3296825,-71.0853514
Tony's,"'960 Massachusetts Ave.,Boston,MA,USA'",'A; B; C',42.3298321,-71.0688039
Safari M. Cafe,"'50 John Eliot Sq.,Boston,MA,USA'",'A; B; C',42.3298422,-71.0914935
Red Line Pizza And Grill,"'582 Dorchester Ave.,Boston,MA,USA'",'A; B; C',42.3299902,-71.0569532
Dudley Dough,"'2300 Washington St.,Boston,MA,USA'",'A; B; C',42.3301639,-71.083968
Molina Restaurant,"'130 Newmarket Sq.,Boston,MA,USA'",'A; B; C',42.3303477,-71.0681385
Anshur Restauruant,"'291 Roxbury St.,Boston,MA,USA'",'A; B; C',42.3304142,-71.0942869
Dudly Coffee,"'2296 Washington St.,Boston,MA,USA'",'A; B; C',42.3304325,-71.0837531
Morgan Memorial Cafeteria,"'1010 Harrison Ave.,Boston,MA,USA'",'A; B; C',42.3308653,-71.079945
D'Angelo's,"'267 Old Colony Ave.,Boston,MA,USA'",'A; B; C',42.330979,-71.0532025
Seapoint Restaurant,"'367 East Eighth.,Boston,MA,USA'",'A; B; C',42.3311127,-71.0463381
Touchie's Shamrock Pub,"'501 E Eighth St.,Boston,MA,USA'",'A; B; C',42.3312365,-71.0412195
Wok 'N Talk,"'23 S Huntington Ave.,Boston,MA,USA'",'A; B; C',42.3314666,-71.1121349
A K's Take Out & Delivery,"'1427 Tremont St.,Boston,MA,USA'",'A; B; C',42.3318927,-71.0963204
Haley House Bakery Cafe,"'12 Dade St.,Boston,MA,USA'",'A; B; C',42.3320416,-71.0825178
New Market Pizza & Grill,"'850 Massachusetts Ave.,Boston,MA,USA'",'A; B; C',42.332079,-71.07102
Crispy Dough Pizzeria,"'1512 Tremont St.,Boston,MA,USA'",'A; B; C',42.3321315,-71.0995917
Lilly Gourmet Pasta Express,"'1526 Tremont St.,Boston,MA,USA'",'A; B; C',42.3323338,-71.0999691
J's Cafe @Bos. W & S,"'980 Harrison Ave.,Boston,MA,USA'",'A; B; C',42.3323543,-71.0777303
Alfredo's Italian Kitchen,"'243 Dorchester St.,Boston,MA,USA'",'A; B; C',42.3328298,-71.0513318
New England Center For Arts & Technology,"'23 Bradston St.,Boston,MA,USA'",'A; B; C',42.3331375,-71.0706074
Subway,"'1578 Tremont St.,Boston,MA,USA'",'A; B; C',42.3332519,-71.1025319
Zc Boston,"'797 Massachusetts Ave.,Boston,MA,USA'",'A; B; C',42.3333302,-71.0732524
Local 149,"'143 P St.,Boston,MA,USA'",'A; B; C',42.3333774,-71.0273045
Tremont House Of Pizza,"'1586 Tremont St.,Boston,MA,USA'",'A; B; C',42.3334073,-71.1030792
Tgi Fridays,"'1620 Tremont St.,Boston,MA,USA'",'A; B; C',42.3334914,-71.1040956
Green T Coffee Shop,"'754 Huntington Ave.,Boston,MA,USA'",'A; B; C',42.3334927,-71.1056987
Flames Restaurant,"'746 Huntington Ave.,Boston,MA,USA'",'A; B; C',42.3335859,-71.10551
Montecristo Mexican Grill,"'746 Huntington Ave.,Boston,MA,USA'",'A; B; C',42.3335859,-71.10551
Brigham Circle Chinese Food,"'728 Huntington Ave.,Boston,MA,USA'",'A; B; C',42.333779,-71.10516
Mission Sushi & Wok,"'1625 Tremont St.,Boston,MA,USA'",'A; B; C',42.333933,-71.103529
Cafe Mamtaz,"'87 L Street St.,Boston,MA,USA'",'A; B; C',42.334291,-71.0354814
New China Restaurant,"'869 Harrison Ave.,Boston,MA,USA'",'A; B; C',42.334356,-71.0762039
Sixth Gear Cask & Kitchen,"'81 L St.,Boston,MA,USA'",'A; B; C',42.3345705,-71.0355651
Il Mondo,"'682 Huntington Ave.,Boston,MA,USA'",'A; B; C',42.334848,-71.1023924
Sidewalk Cafe,"'764 E Fourth St.,Boston,MA,USA'",'A; B; C',42.3349687,-71.0334983
Perkin's Sq Deli,"'106 Dorchester St.,Boston,MA,USA'",'A; B; C',42.3351641,-71.0457625
Amsterdam Cafe,"'483 E Broadway.,Boston,MA,USA'",'A; B; C',42.3352353,-71.0455201
Tasty Burger.,"'69 L St.,Boston,MA,USA'",'A; B; C',42.3352776,-71.0355806
Pizzatalia,"'618 Shawmut Ave.,Boston,MA,USA'",'A; B; C',42.3353804,-71.0805736
Olympic House Of Pizza,"'655 East Broadway.,Boston,MA,USA'",'A; B; C',42.3354007,-71.0383448
Mc Goo's Pizza,"'479 W Broadway.,Boston,MA,USA'",'A; B; C',42.3354524,-71.0459815
Mcgoo's,"'479 W Broadway.,Boston,MA,USA'",'A; B; C',42.3354524,-71.0459815
Lee Chen's Restaurant,"'475 W Broadway.,Boston,MA,USA'",'A; B; C',42.3355156,-71.0461212
Pan Asia Restaurant,"'720 E Broadway.,Boston,MA,USA'",'A; B; C',42.3356179,-71.0363341
South Ocean Chinese Restaurant,"'720 E Broadway.,Boston,MA,USA'",'A; B; C',42.3356179,-71.0363341
Boston Bagel Company,"'753 E Broadway.,Boston,MA,USA'",'A; B; C',42.3356325,-71.0353578
Nick's Pizza & Seafood,"'467 W Broadway.,Boston,MA,USA'",'A; B; C',42.3356905,-71.0463159
Nanning Wok,"'465 W Broadway.,Boston,MA,USA'",'A; B; C',42.3357322,-71.046361
Cranberry Cafe Inc.,"'704 E Broadway.,Boston,MA,USA'",'A; B; C',42.3357566,-71.0371896
D'Angelo Sandwich Shop,"'818 Harrison Ave.,Boston,MA,USA'",'A; B; C',42.3357599,-71.0741126
Brigham & Womens Hospital D/B/A O'Naturals,"'70 Francis St.,Boston,MA,USA'",'A; B; C',42.3358387,-71.1080967
Boston Beer Garden,"'732 E Broadway.,Boston,MA,USA'",'A; B; C',42.3358655,-71.0359884
Land Of Pizza,"'445 W Broadway.,Boston,MA,USA'",'A; B; C',42.3359729,-71.0469397
Au Bon Pain,"'75 Francis St.,Boston,MA,USA'",'A; B; C',42.3360887,-71.1067067
Brighams & Womens Hospital - Tower Cafe,"'75 Francis St.,Boston,MA,USA'",'A; B; C',42.3360887,-71.1067067
Carter Fuller Mental Hospital,"'85 E Newton St.,Boston,MA,USA'",'A; B; C',42.3362292,-71.0708327
South Boston Chinese,"'429 W Broadway.,Boston,MA,USA'",'A; B; C',42.336264,-71.0474681
Mass Art Dining Commons,"'625 Huntington Ave.,Boston,MA,USA'",'A; B; C',42.3363287,-71.1004229
Village Pizza & Grill,"'56 L St.,Boston,MA,USA'",'A; B; C',42.3363597,-71.0352223
Chequers,"'72 E Concord St.,Boston,MA,USA'",'A; B; C',42.3364013,-71.072408
Laz Cafe,"'1744 Washington St.,Boston,MA,USA'",'A; B; C',42.336495,-71.076476
Eagles Deli,"'1918 Beacon St.,Boston,MA,USA'",'A; B; C',42.3366194,-71.1492179
Wentworth Beatty Hall,"'550 Huntington Ave.,Boston,MA,USA'",'A; B; C',42.3366516,-71.0957071
Fins Sushi & Grill Inc.,"'354 Chestnut Hill Ave.,Boston,MA,USA'",'A; B; C',42.3368803,-71.1515184
Mike's City Diner,"'1714 Washington St.,Boston,MA,USA'",'A; B; C',42.3369219,-71.0760252
Toro,"'1704 Washington St.,Boston,MA,USA'",'A; B; C',42.336925,-71.0758793
Fromage,"'399 W Broadway.,Boston,MA,USA'",'A; B; C',42.3370242,-71.0484753
412 Broadway,"'412 W Broadway.,Boston,MA,USA'",'A; B; C',42.3370712,-71.0476839
Equator Restaurant,"'1721 Washington St.,Boston,MA,USA'",'A; B; C',42.3370936,-71.0768306
Seiyo,"'1721C Washington St.,Boston,MA,USA'",'A; B; C',42.3370936,-71.0768306
Molly Moo's,"'687 E Second St.,Boston,MA,USA'",'A; B; C',42.3371468,-71.0357036
Slade's Bar & Grill,"'950 Tremont St.,Boston,MA,USA'",'A; B; C',42.337234,-71.083625
Pat's Kitchen,"'402 W Broadway.,Boston,MA,USA'",'A; B; C',42.3372352,-71.0480839
Citra A Fresh Cafe,"'221 Longwood Ave.,Boston,MA,USA'",'A; B; C',42.3372871,-71.102142
Subway,"'981 Tremont St.,Boston,MA,USA'",'A; B; C',42.3373459,-71.084415
Au Bon Pain,"'17 Blackfan St.,Boston,MA,USA'",'A; B; C',42.337394,-71.106273
Cafe Arpeggio,"'398 W Broadway.,Boston,MA,USA'",'A; B; C',42.3374199,-71.0481086
Papa Johns Pizza,"'971A Tremont St.,Boston,MA,USA'",'A; B; C',42.3375105,-71.0840783
M.G.S. Cafe Inc.,"'720 Harrison Ave.,Boston,MA,USA'",'A; B; C',42.3377929,-71.0708552
The Galley Dinner,"'11 P Street St.,Boston,MA,USA'",'A; B; C',42.3378038,-71.0273482
Code 10 Restaurant Cafe,"'2 E Concord St.,Boston,MA,USA'",'A; B; C',42.3378771,-71.0747174
Jaho Coffee & Tea,"'1651 Washington St.,Boston,MA,USA'",'A; B; C',42.3378806,-71.0754999
Murphy's Law,"'837 Summer St.,Boston,MA,USA'",'A; B; C',42.3380204,-71.0356638
Ethel & Andy's Sub Shop,"'134 K St.,Boston,MA,USA'",'A; B; C',42.3381244,-71.0374965
Subway,"'340 Longwood Ave.,Boston,MA,USA'",'A; B; C',42.3382421,-71.1063943
Dragon Bowl,"'396 Brookline Ave.,Boston,MA,USA'",'A; B; C',42.338263,-71.106985
Boston College Walsh Hall,"'150 St Thomas Moore.,Boston,MA,USA'",'A; B; C',42.338298,-71.165323
Longwood Hotel Corp.,"'342 Longwood Ave.,Boston,MA,USA'",'A; B; C',42.3383407,-71.1066156
Bertucci's,"'1 Blackfan Cr.,Boston,MA,USA'",'A; B; C',42.3383539,-71.1049218
University House Of Pizza,"'452 Huntington Ave.,Boston,MA,USA'",'A; B; C',42.3385299,-71.092913
Bourbon Street Cafe,"'350 Longwood Ave.,Boston,MA,USA'",'A; B; C',42.3386237,-71.1072353
Chutney's,"'350 Longwood Ave.,Boston,MA,USA'",'A; B; C',42.3386237,-71.1072353
Red Barn Coffee Roasters,"'350 Longwood Ave.,Boston,MA,USA'",'A; B; C',42.3386237,-71.1072353
Rebecca's Cafe,"'380 Huntington Ave.,Boston,MA,USA'",'A; B; C',42.338772,-71.0889027
Punter's Pub,"'444 Huntington Ave.,Boston,MA,USA'",'A; B; C',42.3388479,-71.0924575
Orinoco:A Latin Kitchen,"'477 Shawmut Ave.,Boston,MA,USA'",'A; B; C',42.3389499,-71.0758995
Simmons College-The Fens,"'300 Fenway.,Boston,MA,USA'",'A; B; C',42.3390832,-71.1000654
Burger King,"'280 W Broadway.,Boston,MA,USA'",'A; B; C',42.3392093,-71.0509416
Eat @ Corner Cafe,"'502 Massachusetts Ave.,Boston,MA,USA'",'A; B; C',42.339277,-71.080097
Pizzeria 260,"'260 W Broadway.,Boston,MA,USA'",'A; B; C',42.3394011,-71.0514192
Museum Of Fine Arts Cafeteria,"'465 Huntington Ave.,Boston,MA,USA'",'A; B; C',42.3394567,-71.0941429
Museum Of Fine Arts New American Cafe,"'465 Huntington Ave.,Boston,MA,USA'",'A; B; C',42.3394567,-71.0941429
South End Pizza & Grill,"'768 Tremont.,Boston,MA,USA'",'A; B; C',42.3396951,-71.0794827
South End Pita,"'471 Albany St.,Boston,MA,USA'",'A; B; C',42.3397506,-71.0650008
Darryls Corner Bar & Kitchen,"'604 Columbus Ave.,Boston,MA,USA'",'A; B; C',42.3397664,-71.0824273
Qdoba Mexican Eats No. 2207,"'393 Huntington Ave.,Boston,MA,USA'",'A; B; C',42.3397747,-71.0908576
Bruegger's Bagel Bakery,"'375 Longwood Ave.,Boston,MA,USA'",'A; B; C',42.3398658,-71.1083679
Crazy Dough's Pizza,"'2201 Commonwealth Ave.,Boston,MA,USA'",'A; B; C',42.3402844,-71.1666091
Emmanuel College,"'400 Fenway.,Boston,MA,USA'",'A; B; C',42.3403687,-71.1016439
Yamato Japanese Cuisine,"'111 Chiswick Rd.,Boston,MA,USA'",'A; B; C',42.3405167,-71.1516432
Chilli Thai Bistro,"'1795 Commonwealth Ave.,Boston,MA,USA'",'A; B; C',42.3406535,-71.1514824
Chatime,"'331 Huntington Ave.,Boston,MA,USA'",'A; B; C',42.3408791,-71.0883906
Conor Larkins Grill & Tap,"'329 Huntington Ave.,Boston,MA,USA'",'A; B; C',42.340918,-71.0882276
Wings Over Boston,"'325 Huntington Ave.,Boston,MA,USA'",'A; B; C',42.3409273,-71.0881083
Subway,"'393 Massachusetts Ave.,Boston,MA,USA'",'A; B; C',42.3409448,-71.0841087
Temptations Cafe,"'311 Huntington Ave.,Boston,MA,USA'",'A; B; C',42.3410105,-71.0874536
Rondo's Sub Shop,"'134 W Broadway.,Boston,MA,USA'",'A; B; C',42.341033,-71.053962
Dolce Vita (1696 Comm. Ave.),"'1696 Commonwealth Ave.,Boston,MA,USA'",'A; B; C',42.341217,-71.1465565
Boston House Of Pizza,"'305 Huntington Ave.,Boston,MA,USA'",'A; B; C',42.3412969,-71.0873678
House Of Siam,"'542 Columbus Ave.,Boston,MA,USA'",'A; B; C',42.3414036,-71.0803312
The Upper Crust,"'683 Tremont St.,Boston,MA,USA'",'A; B; C',42.3415995,-71.0766635
Mul's Diner,"'75 W Broadway.,Boston,MA,USA'",'A; B; C',42.3417284,-71.0553608
Symphony Sushi,"'45 Gainsborough St.,Boston,MA,USA'",'A; B; C',42.3418024,-71.0868342
Farmer Horse Coffee,"'376 Massachusetts Ave.,Boston,MA,USA'",'A; B; C',42.341833,-71.083466
Uno Chicago Grill,"'270 Huntington Ave.,Boston,MA,USA'",'A; B; C',42.3418351,-71.0858831
Our House,"'54 Gainsborough St.,Boston,MA,USA'",'A; B; C',42.341857,-71.0872485
Jae's Cafe & Grill Inc,"'520 Columbus Ave.,Boston,MA,USA'",'A; B; C',42.3419137,-71.0797543
Sodexo Wheelock College Dining Room 2Nd Fl.,"'200 Riverway.,Boston,MA,USA'",'A; B; C',42.341994,-71.10602
South End Buttery(314 Shawmut Ave.),"'314 Shawmut Ave.,Boston,MA,USA'",'A; B; C',42.3420879,-71.0703521
Cafe Madeleine,"'517 Columbus Ave.,Boston,MA,USA'",'A; B; C',42.3421174,-71.0799272
Ginger Exchange,"'250 Huntington Ave.,Boston,MA,USA'",'A; B; C',42.3422662,-71.0848807
Subway,"'11 W Broadway.,Boston,MA,USA'",'A; B; C',42.3423347,-71.056551
Nicole's Pizza,"'639 Tremont St.,Boston,MA,USA'",'A; B; C',42.342368,-71.075197
College Pizza,"'50 Queensberry St.,Boston,MA,USA'",'A; B; C',42.3425143,-71.0972567
Kung Fu Tea @ Mass. Ave.,"'334 Massachusetts Ave.,Boston,MA,USA'",'A; B; C',42.3425943,-71.0841727
Hidyan Cafe,"'70 Kilmarnock St.,Boston,MA,USA'",'A; B; C',42.3426429,-71.0993547
Teriyaki House,"'32 W Broadway.,Boston,MA,USA'",'A; B; C',42.3427237,-71.056358
My Diner,"'98 A St.,Boston,MA,USA'",'A; B; C',42.342794,-71.0545448
Petit Robert Bistro,"'480 Columbus Ave.,Boston,MA,USA'",'A; B; C',42.3428437,-71.078613
House Of Siam On Tremont,"'592 Tremont St.,Boston,MA,USA'",'A; B; C',42.3429361,-71.0730253
Thorntons Fenway Grille,"'100 Peterborough St.,Boston,MA,USA'",'A; B; C',42.3429965,-71.0993529
Neighborhoods,"'96 Peterborough St.,Boston,MA,USA'",'A; B; C',42.3430179,-71.0992149
Rod Dee 2 Thai Cuisine,"'94 Peterborough St.,Boston,MA,USA'",'A; B; C',42.3430395,-71.0991588
Swish Shabu,"'84 Peterborough St.,Boston,MA,USA'",'A; B; C',42.3431397,-71.0988372
Bamboo Restaurant,"'1616 Commonwealth Ave.,Boston,MA,USA'",'A; B; C',42.343229,-71.1427851
Mela Restaurant,"'574 Tremont St.,Boston,MA,USA'",'A; B; C',42.3434753,-71.0725594
Stephi's On Tremont,"'571 Tremont St.,Boston,MA,USA'",'A; B; C',42.343676,-71.0726255
Cappy's Pizza & Subs,"'82 Westland Ave.,Boston,MA,USA'",'A; B; C',42.34376,-71.0896762
Aquitaine,"'569 Tremont St.,Boston,MA,USA'",'A; B; C',42.3437833,-71.0724315
Anchovies Restaurant,"'433 Columbus Ave.,Boston,MA,USA'",'A; B; C',42.3440216,-71.0778505
Giacomo's Restaurant,"'431 Columbus Ave.,Boston,MA,USA'",'A; B; C',42.3440688,-71.077795
Chang's House,"'1581 Commonwealth Ave.,Boston,MA,USA'",'A; B; C',42.3442572,-71.1429991
Designer Cafe'(Au Bon Pain),"'1 Design Center Pl.,Boston,MA,USA'",'A; B; C',42.3442688,-71.0305676
Emilios Pizza & Subs,"'536 Tremont St.,Boston,MA,USA'",'A; B; C',42.344302,-71.0705658
Freshii,"'1 Iron St.,Boston,MA,USA'",'A; B; C',42.344538,-71.0522314
Basho Japanese Brasserie,"'1341 Boylston St.,Boston,MA,USA'",'A; B; C',42.3446572,-71.0995726
Revolution Juice,"'150 Huntington Ave.,Boston,MA,USA'",'A; B; C',42.344663,-71.0821543
Thornton's Restaurant,"'150 Huntington Ave.,Boston,MA,USA'",'A; B; C',42.344663,-71.0821543
The Baseball Tavern,"'1270 Boylston.,Boston,MA,USA'",'A; B; C',42.344691,-71.0963144
The Beehive,"'537 Tremont St.,Boston,MA,USA'",'A; B; C',42.344691,-71.0714069
Chipotle Mexican Grill,"'144 Brookline Ave.,Boston,MA,USA'",'A; B; C',42.3447204,-71.100834
Tasty Burger,"'1301 Boylston St.,Boston,MA,USA'",'A; B; C',42.3447623,-71.0983756
Woody's Grill & Tap,"'58 Hemenway St.,Boston,MA,USA'",'A; B; C',42.3448031,-71.0894537
Domino's Pizza,"'1252 Boylston St.,Boston,MA,USA'",'A; B; C',42.3448775,-71.0957999
Caffe Strega,"'175 Huntington Ave.,Boston,MA,USA'",'A; B; C',42.3450098,-71.0823065
Wahlburgers,"'132 Brookline Ave.,Boston,MA,USA'",'A; B; C',42.3450649,-71.100462
Cafe @ 1295,"'1295 Boylston St.,Boston,MA,USA'",'A; B; C',42.3450968,-71.0977681
Appleton Bakery & Cafe,"'75 Dartmouth St.,Boston,MA,USA'",'A; B; C',42.3451309,-71.0748786
Tony C's Sports Bar & Grill,"'1265 Boylston St.,Boston,MA,USA'",'A; B; C',42.3452876,-71.0963642
Hojoko,"'1271 Boylston St.,Boston,MA,USA'",'A; B; C',42.3453289,-71.0969344
Sushiemon,"'189 Massachusetts Ave.,Boston,MA,USA'",'A; B; C',42.3453815,-71.0871658
Laugh Boston,"'425 Summer St.,Boston,MA,USA'",'A; B; C',42.3457313,-71.0435238
Il Mondo Pizza,"'182 Massachusetts Ave.,Boston,MA,USA'",'A; B; C',42.3458009,-71.0866845
Inboston,"'175 Massachusetts Ave.,Boston,MA,USA'",'A; B; C',42.3458411,-71.0873796
Chutney's,"'173 Massachusetts Ave.,Boston,MA,USA'",'A; B; C',42.3458871,-71.0873977
Berklee College Of Music,"'160 Massachusetts Ave.,Boston,MA,USA'",'A; B; C',42.3462238,-71.0869209
Clery's,"'331 Columbus Ave.,Boston,MA,USA'",'A; B; C',42.346241,-71.075215
Coda Bar & Kitchen,"'329 Columbus Ave.,Boston,MA,USA'",'A; B; C',42.3462731,-71.0750553
The Best Sausage Co. Inc.,"'78 Brookline Ave.,Boston,MA,USA'",'A; B; C',42.346357,-71.0990209
Sheraton Boston (Apropos/R.S./Cafe),"'39 Dalton St.,Boston,MA,USA'",'A; B; C',42.3463836,-71.0840229
Sheraton Boston (Side Bar),"'39 Dalton St.,Boston,MA,USA'",'A; B; C',42.3463836,-71.0840229
Brownstone,"'111 Dartmouth St.,Boston,MA,USA'",'A; B; C',42.3464716,-71.0753024
Boston Back Bay Hilton,"'40 Dalton St.,Boston,MA,USA'",'A; B; C',42.3465008,-71.0854872
Masa,"'1 Appleton St.,Boston,MA,USA'",'A; B; C',42.3467174,-71.0694173
Crazy Dough's Pizza Company,"'1124 Boylston St.,Boston,MA,USA'",'A; B; C',42.3467175,-71.0889175
Pad Thai Cafe,"'1116 Boylston St.,Boston,MA,USA'",'A; B; C',42.3467319,-71.0887255
Berkeley Perk Cafe,"'69 Berkeley St.,Boston,MA,USA'",'A; B; C',42.3468079,-71.0706174
Rome Pizza,"'416 Tremont St.,Boston,MA,USA'",'A; B; C',42.3468149,-71.068674
Pavement Coffeehouse,"'1096 Boylston St.,Boston,MA,USA'",'A; B; C',42.3468203,-71.0883967
5 Napkin Burger,"'101 Huntington Ave.,Boston,MA,USA'",'A; B; C',42.3468751,-71.0811237
B. Good,"'131 Dartmouth St.,Boston,MA,USA'",'A; B; C',42.3469178,-71.0750402
Douzo Japanese Restaurant,"'131 Dartmouth St.,Boston,MA,USA'",'A; B; C',42.3469178,-71.0750402
Sapient Corp. Aramark Coffee Bar,"'131 Dartmouth St.,Boston,MA,USA'",'A; B; C',42.3469178,-71.0750402
Squeeze Juice Bar,"'131 Dartmouth St.,Boston,MA,USA'",'A; B; C',42.3469178,-71.0750402
Subway & Auntie Anne's,"'1120 Boylston St.,Boston,MA,USA'",'A; B; C',42.3469681,-71.0889397
Zest Mediterranean Grill,"'1076 Boylston St.,Boston,MA,USA'",'A; B; C',42.34698,-71.087976
Sal's Pizza,"'51 Brookline Ave.,Boston,MA,USA'",'A; B; C',42.3470223,-71.0988941
King's Lane Lounge & Billiards,"'50 Dalton St.,Boston,MA,USA'",'A; B; C',42.3470597,-71.0856588
Bleacher Bar,"'70 Lansdowne St.,Boston,MA,USA'",'A; B; C',42.3471765,-71.0973065
Game On Fenway Park,"'70 Lansdowne.,Boston,MA,USA'",'A; B; C',42.3471765,-71.0973065
Choice's By Au Bon Pain,"'100 Huntington Ave.,Boston,MA,USA'",'A; B; C',42.347334,-71.0788745
Mei Mei,"'506 Park Dr.,Boston,MA,USA'",'A; B; C',42.347672,-71.105963
Shaloh House,"'29 Chestnut Hill Ave.,Boston,MA,USA'",'A; B; C',42.3478686,-71.1544295
Dillon's,"'955 Boylston St.,Boston,MA,USA'",'A; B; C',42.3479567,-71.0859313
Trident Booksellers And Cafe,"'338 Newbury St.,Boston,MA,USA'",'A; B; C',42.3482376,-71.0866097
The Copley Square Hotel,"'47 Huntington Ave.,Boston,MA,USA'",'A; B; C',42.3482726,-71.0786234
Natalie's Pizza,"'1306 Commonwealth Ave.,Boston,MA,USA'",'A; B; C',42.348352,-71.134094
J.P. Licks At W.R. Inc.,"'661 V F W Pk.,Boston,MA,USA'",'A; B; C',42.3483642,-71.10599
Uno Chicago Grill,"'1 Brookline Ave.,Boston,MA,USA'",'A; B; C',42.3483711,-71.0977409
Fenmore American Bistro,"'645 Beacon St.,Boston,MA,USA'",'A; B; C',42.3484278,-71.0977677
Mcdonalds,"'540 Commonwealth Ave.,Boston,MA,USA'",'A; B; C',42.3484351,-71.0968478
Fogo De Chao - Churrascaria,"'10 Huntington Ave.,Boston,MA,USA'",'A; B; C',42.3484581,-71.0774606
Shabu Maru,"'10 Huntington Ave.,Boston,MA,USA'",'A; B; C',42.3484581,-71.0774606
Salvatore's,"'225 Northern Ave.,Boston,MA,USA'",'A; B; C',42.3484606,-71.0387957
The Lower Depths,"'476 Commonwealth Ave.,Boston,MA,USA'",'A; B; C',42.3484626,-71.0938491
Au Bon Pain Store No. 41,"'800 Boylston St.,Boston,MA,USA'",'A; B; C',42.348521,-71.0822975
Dunkin Donuts',"'800 Boylston St.,Boston,MA,USA'",'A; B; C',42.348521,-71.0822975
Fruitata Inc.,"'800 Boylston St.,Boston,MA,USA'",'A; B; C',42.348521,-71.0822975
Haru,"'800 Boylston St.,Boston,MA,USA'",'A; B; C',42.348521,-71.0822975
Pf Chang's China Bistro,"'800 Boylston St.,Boston,MA,USA'",'A; B; C',42.348521,-71.0822975
Sweetgreen,"'800 Boylston St.,Boston,MA,USA'",'A; B; C',42.348521,-71.0822975
Top Of The Hub,"'800 Boylston St.,Boston,MA,USA'",'A; B; C',42.348521,-71.0822975
Wagamama,"'800 Boylston St.,Boston,MA,USA'",'A; B; C',42.348521,-71.0822975
India Quality,"'484 Commonwealth Ave.,Boston,MA,USA'",'A; B; C',42.3485442,-71.0942306
Dosa Factory,"'316 Newbury St.,Boston,MA,USA'",'A; B; C',42.3485809,-71.0853988
Restaurant Clio,"'370 Commonwealth Ave.,Boston,MA,USA'",'A; B; C',42.3485902,-71.0886984
Harvard Club Of Boston,"'1 Federal St.,Boston,MA,USA'",'A; B; C',42.3485916,-71.0891056
Harvard Club Of Boston,"'374 Commonwealth Ave.,Boston,MA,USA'",'A; B; C',42.3485916,-71.0891056
Centerplate @ Blue Hills Bank Pavilion,"'290 Northern Ave.,Boston,MA,USA'",'A; B; C',42.3486041,-71.0360352
Whiskey's Steakhouse & Saloon,"'885 Boylston St.,Boston,MA,USA'",'A; B; C',42.3486115,-71.0836843
Viga,"'140 Clarendon St.,Boston,MA,USA'",'A; B; C',42.3486204,-71.0745635
Island Creek Oyster Bar,"'500 Commonwealth Ave.,Boston,MA,USA'",'A; B; C',42.3486282,-71.0952228
Cafe Jaffa,"'48 Gloucester.,Boston,MA,USA'",'A; B; C',42.3486637,-71.0841564
Back Bay Harry's,"'142 Berkeley St.,Boston,MA,USA'",'A; B; C',42.3487138,-71.0722817
Auntie Vie's Bakery & Cafe,"'480 Washington St.,Boston,MA,USA'",'A; B; C',42.3487191,-71.1603762
Double Tree Club Hotel,"'821 Washington St.,Boston,MA,USA'",'A; B; C',42.3487236,-71.0646454
Double Tree Club Hotel/Starbucks,"'821 Washington St.,Boston,MA,USA'",'A; B; C',42.3487236,-71.0646454
Post 390,"'406 Stuart St.,Boston,MA,USA'",'A; B; C',42.348731,-71.0746516
Back Bay Social Club,"'867 Boylston St.,Boston,MA,USA'",'A; B; C',42.3487423,-71.0834529
Mandarin Oriental Boston,"'776 Boylston St.,Boston,MA,USA'",'A; B; C',42.3487748,-71.0813479
Emack & Bolio's,"'290 Newbury St.,Boston,MA,USA'",'A; B; C',42.3488226,-71.0845696
Esperia Grill & Rotisserie,"'344 Washington St.,Boston,MA,USA'",'A; B; C',42.3488598,-71.152858
Pavement Coffee House,"'286 Newbury St.,Boston,MA,USA'",'A; B; C',42.3488639,-71.0844222
Devlin's Restaurant,"'332 Washington St.,Boston,MA,USA'",'A; B; C',42.348871,-71.1523252
L'Espalier,"'772 Boylston St.,Boston,MA,USA'",'A; B; C',42.3489274,-71.0809265
Samurai Boston,"'827 Boylston St.,Boston,MA,USA'",'A; B; C',42.3489405,-71.0825443
St. Elizabeth's Medical Center,"'736 Cambridge St.,Boston,MA,USA'",'A; B; C',42.3489582,-71.1476809
Copley Plaza Hotel,"'138 St James Ave.,Boston,MA,USA'",'A; B; C',42.3490507,-71.0761773
Liberty Mutual Berkeley Cafeteria (2Nd Fl),"'157 Berkeley St.,Boston,MA,USA'",'A; B; C',42.34911,-71.0718557
Beantown Pho & Grill,"'272 Newbury St.,Boston,MA,USA'",'A; B; C',42.3491216,-71.0834316
Loews Boston Hotel,"'350 Stuart St.,Boston,MA,USA'",'A; B; C',42.3491535,-71.0723748
Levi's Restaurant & Lounge,"'323 Washington St.,Boston,MA,USA'",'A; B; C',42.3492388,-71.1519505
Abe & Louie's,"'793 Boylston St.,Boston,MA,USA'",'A; B; C',42.3492427,-71.0816005
Bertucci's Brickoven Pizzeria,"'533 Commonwealth Ave.,Boston,MA,USA'",'A; B; C',42.3492583,-71.0966572
75 On Liberty Wharf,"'220 Northern Ave.,Boston,MA,USA'",'A; B; C',42.3492652,-71.0398056
Dragon Chef Chinese Rest.,"'411 Washington St.,Boston,MA,USA'",'A; B; C',42.3492717,-71.1554071
Little Pizza King,"'389 Washington St.,Boston,MA,USA'",'A; B; C',42.3493133,-71.154723
B.U. Warren Tower Cafe,"'700 Commonwealth Ave.,Boston,MA,USA'",'A; B; C',42.349341,-71.1039816
Bon Me No. 2 Dewey Sq. Parks,"'1 Citywide St.,Boston,MA,USA'",'A; B; C',42.3493824,-71.0777334
Chicken And Rice Guys,"'1 Citywide St.,Boston,MA,USA'",'A; B; C',42.3493824,-71.0777334
Chubby Chickpea Mobile,"'1 Citywide St.,Boston,MA,USA'",'A; B; C',42.3493824,-71.0777334
Clover Fast Food No. 3,"'1 Citywide St.,Boston,MA,USA'",'A; B; C',42.3493824,-71.0777334
Momogoose 2,"'1 Citywide St.,Boston,MA,USA'",'A; B; C',42.3493824,-71.0777334
Moyzilla,"'1 Citywide St.,Boston,MA,USA'",'A; B; C',42.3493824,-71.0777334
Roxy's Gourmet Grilled Cheese,"'1 Citywide St.,Boston,MA,USA'",'A; B; C',42.3493824,-71.0777334
Roxy's Gourmet Grilled Cheese No. 2,"'1 Citywide St.,Boston,MA,USA'",'A; B; C',42.3493824,-71.0777334
Sheherazad Food Inc.,"'1 Citywide St.,Boston,MA,USA'",'A; B; C',42.3493824,-71.0777334
Ter-Yummy,"'1 Citywide St.,Boston,MA,USA'",'A; B; C',42.3493824,-71.0777334
The Bacon Truck,"'1 Citywide St.,Boston,MA,USA'",'A; B; C',42.3493824,-71.0777334
The Dining Car,"'1 Citywide St.,Boston,MA,USA'",'A; B; C',42.3493824,-71.0777334
Yumm Bai Corp,"'1 Citywide St.,Boston,MA,USA'",'A; B; C',42.3493824,-71.0777334
Lenox Hotel (5 Food Serv. Loc.),"'704 Boylston St.,Boston,MA,USA'",'A; B; C',42.3493838,-71.0795532
Kashmir Indian Restaurant,"'279 Newbury St.,Boston,MA,USA'",'A; B; C',42.3494005,-71.0840573
Wich ! T,"'244 Newbury St.,Boston,MA,USA'",'A; B; C',42.3494069,-71.0823976
The Catered Affair @ Bos. Public Library(T.O.),"'700 Boylston St.,Boston,MA,USA'",'A; B; C',42.3494163,-71.0788285
Thai Dish Restaurant,"'636 Beacon St.,Boston,MA,USA'",'A; B; C',42.3495927,-71.0952724
Uburger,"'636 Beacon St.,Boston,MA,USA'",'A; B; C',42.3495927,-71.0952724
Blue State Coffee,"'155 Seaport Bl.,Boston,MA,USA'",'A; B; C',42.3496068,-71.042722
Sebastians (Seaport Blvd.),"'155 Seaport Bl.,Boston,MA,USA'",'A; B; C',42.3496068,-71.042722
Typhoon Restaurant,"'725 Boylston St.,Boston,MA,USA'",'A; B; C',42.349615,-71.0801753
Breadwinners/Starbuck's,"'595 Commonwealth Ave.,Boston,MA,USA'",'A; B; C',42.349626,-71.0995466
Conf. Ctr. School Of Mgment,"'595 Commonwealth Ave.,Boston,MA,USA'",'A; B; C',42.349626,-71.0995466
La Voile Brasserie,"'257 Newbury St.,Boston,MA,USA'",'A; B; C',42.3496556,-71.0831319
Roost Bistro On Newbury,"'257 Newbury St.,Boston,MA,USA'",'A; B; C',42.3496556,-71.0831319
Dunkin Donuts,"'715 Boylston St.,Boston,MA,USA'",'A; B; C',42.3496592,-71.0800079
Beijing Cafe,"'728 Commonwealth Ave.,Boston,MA,USA'",'A; B; C',42.3496909,-71.1064212
Boston Indian Kitchen Inc.,"'51A Massachusetts Ave.,Boston,MA,USA'",'A; B; C',42.3496934,-71.0892325
B.U.Dining Srvices-1St Fl.,"'100 Bay State Rd.,Boston,MA,USA'",'A; B; C',42.3497666,-71.0979066
Corporate Chefs @ Plaza Cafe (Tufts),"'274 Tremont St.,Boston,MA,USA'",'A; B; C',42.3497824,-71.0647222
Noodle Street Restaurant,"'627 Commonwealth Ave.,Boston,MA,USA'",'A; B; C',42.349813,-71.10158
Inbound Pizza & Restaurant,"'1232 Commonwealth Ave.,Boston,MA,USA'",'A; B; C',42.3498224,-71.1308995
Courtyard Boston Downtown,"'275 Tremont St.,Boston,MA,USA'",'A; B; C',42.3499198,-71.0655674
Mcdonald's,"'750 Atlantic Ave.,Boston,MA,USA'",'A; B; C',42.3499491,-71.0558458
Lucky's,"'355 Congress St.,Boston,MA,USA'",'A; B; C',42.3500551,-71.0484886
The Corner Tavern,"'421 Marlborough St.,Boston,MA,USA'",'A; B; C',42.3501564,-71.0894821
Stephanie's On Newbury,"'190 Newbury St.,Boston,MA,USA'",'A; B; C',42.3501756,-71.0794405
Sweetgreen,"'364 Congress St.,Boston,MA,USA'",'A; B; C',42.3502493,-71.0480773
Crave Mad For Chicken,"'75 Kneeland St.,Boston,MA,USA'",'A; B; C',42.3502805,-71.0607747
Pavement Coffeehouse,"'1243 Commonwealth Ave.,Boston,MA,USA'",'A; B; C',42.350361,-71.131933
Seoul Soulongtang,"'1243 Commonwealth Ave.,Boston,MA,USA'",'A; B; C',42.350361,-71.131933
New Hong Kong Restaurant,"'14 Tremont St.,Boston,MA,USA'",'A; B; C',42.350456,-71.1685823
Chef Chang's On Back Bay,"'30 Massachusetts Ave.,Boston,MA,USA'",'A; B; C',42.3504615,-71.0889789
Davio's,"'75 Arlington St.,Boston,MA,USA'",'A; B; C',42.3505077,-71.070443
Clay Pot Cafe,"'74 Kneeland St.,Boston,MA,USA'",'A; B; C',42.3505092,-71.0604557
Wing's Kitchen,"'23 Hudson St.,Boston,MA,USA'",'A; B; C',42.3505147,-71.060306
Chatime,"'18 Hudson St.,Boston,MA,USA'",'A; B; C',42.350582,-71.0599173
Hong Ze,"'21 Hudson St.,Boston,MA,USA'",'A; B; C',42.350599,-71.0602755
Joe's American Bar & Grill,"'26 Exeter St.,Boston,MA,USA'",'A; B; C',42.350638,-71.0797511
Boloco,"'569 Boylston St.,Boston,MA,USA'",'A; B; C',42.3506398,-71.0764819
Aramark At Houghton Mifflin,"'222 Berkeley St.,Boston,MA,USA'",'A; B; C',42.350667,-71.0731944
Globe Bar & Cafe,"'565 Boylston St.,Boston,MA,USA'",'A; B; C',42.3506784,-71.0763393
The Q,"'640 Washington St.,Boston,MA,USA'",'A; B; C',42.350682,-71.1691938
Jade Garden Restaurant,"'20 Tyler St.,Boston,MA,USA'",'A; B; C',42.3507412,-71.0605693
Wendy's Old Fashioned Hamburers,"'551 Boylston St.,Boston,MA,USA'",'A; B; C',42.3507558,-71.0760374
Hillel,"'213 Bay State Rd.,Boston,MA,USA'",'A; B; C',42.350804,-71.103111
W Boston Market By Jean George & Emp.Caf.,"'100 Stuart St.,Boston,MA,USA'",'A; B; C',42.3508154,-71.0655748
Finagle-A-Bagel,"'535 Boylston St.,Boston,MA,USA'",'A; B; C',42.3508157,-71.0756622
Mcdonald's,"'1223 Commonwealth Ave.,Boston,MA,USA'",'A; B; C',42.3508179,-71.1308899
Yamato Ii,"'545 Boylston St.,Boston,MA,USA'",'A; B; C',42.3508521,-71.0758962
Thai Basil,"'132 Newbury St.,Boston,MA,USA'",'A; B; C',42.3509029,-71.0767267
Papa Razzi,"'157 Newbury St.,Boston,MA,USA'",'A; B; C',42.350923,-71.078556
New Dong Khanh Restaurant,"'81 Harrison Ave.,Boston,MA,USA'",'A; B; C',42.3509338,-71.0615962
New Jumbo Seafood,"'5 Hudson St.,Boston,MA,USA'",'A; B; C',42.3509431,-71.0601915
Panera Bread No. 1449,"'490 Boylston St.,Boston,MA,USA'",'A; B; C',42.3509495,-71.0742066
Cafe Med,"'31 Saint James Ave.,Boston,MA,USA'",'A; B; C',42.3509525,-71.0715658
Park Sq Cafe,"'31 St James Ave.,Boston,MA,USA'",'A; B; C',42.3509525,-71.0715658
Samurai Express,"'31 Saint James Ave.,Boston,MA,USA'",'A; B; C',42.3509525,-71.0715658
Wonder Bar,"'186 Harvard Ave.,Boston,MA,USA'",'A; B; C',42.3509677,-71.1310647
Winsor Dimsum Cafe,"'10 Tyler St.,Boston,MA,USA'",'A; B; C',42.3509791,-71.0604631
Best Barbecue Kitchen,"'86 Beach.,Boston,MA,USA'",'A; B; C',42.3510043,-71.0589047
Au Bon Pain,"'26 Park Plaza.,Boston,MA,USA'",'A; B; C',42.3510123,-71.0679728
Boston Park Plaza (Main Kitchen/Room Serv.),"'50 Park Pz.,Boston,MA,USA'",'A; B; C',42.3510417,-71.0697049
Boston Park Plaza Employee Cafeteria(3Rdfl),"'50 Park Pz.,Boston,MA,USA'",'A; B; C',42.3510417,-71.0697049
Finale (Room For Dessert Llc),"'50 Park Pz.,Boston,MA,USA'",'A; B; C',42.3510417,-71.0697049
Mc Cormick & Schmick's Rest.,"'50 Park Pz.,Boston,MA,USA'",'A; B; C',42.3510417,-71.0697049
Irashai Sushi And Teriyaki,"'8 Kneeland St.,Boston,MA,USA'",'A; B; C',42.3510497,-71.0627006
Great Taste Bakery And Restaurant,"'61 Beach St.,Boston,MA,USA'",'A; B; C',42.35111,-71.060267
China Pearl Restaurant,"'9 Tyler St.,Boston,MA,USA'",'A; B; C',42.3511223,-71.060924
Tantric India Bistro,"'123 Stuart St.,Boston,MA,USA'",'A; B; C',42.3511482,-71.0656916
Pret A Manger,"'501 Boylston St.,Boston,MA,USA'",'A; B; C',42.3511519,-71.0745563
Dumpling Cafe Inc.,"'693 Washington St.,Boston,MA,USA'",'A; B; C',42.3511662,-71.0630012
Les Zygomates,"'129 South St.,Boston,MA,USA'",'A; B; C',42.3512067,-71.0575214
Bubor Cha Cha,"'41 Beach St.,Boston,MA,USA'",'A; B; C',42.3512648,-71.0608133
Snappy Sushi,"'108 Newbury St.,Boston,MA,USA'",'A; B; C',42.3513052,-71.0756733
Crazy Dough's Pizza,"'8 Park Pz.,Boston,MA,USA'",'A; B; C',42.3513467,-71.0661306
D'Angelo's Sandwich Shop,"'8 Park Pz.,Boston,MA,USA'",'A; B; C',42.3513467,-71.0661306
Osaka Express,"'8 Park Pz.,Boston,MA,USA'",'A; B; C',42.3513467,-71.0661306
P.F.Chang's China Bistro,"'8 Park Pz.,Boston,MA,USA'",'A; B; C',42.3513467,-71.0661306
East Ocean City,"'25 Beach St.,Boston,MA,USA'",'A; B; C',42.3513468,-71.0617888
O Ya Restaurant,"'9 East St.,Boston,MA,USA'",'A; B; C',42.3513521,-71.0569233
My Thai Cafe Vegetarian & Bubble Tea Bristro,"'3 Beach St.,Boston,MA,USA'",'A; B; C',42.351358,-71.062635
Rock Bottom Rest. & Brewery,"'115 Stuart St.,Boston,MA,USA'",'A; B; C',42.3514083,-71.0653801
Pasteur Restaurant I I,"'682 Washington St.,Boston,MA,USA'",'A; B; C',42.3514222,-71.0626816
China King Restaurant,"'60 Beach St.,Boston,MA,USA'",'A; B; C',42.3514633,-71.0601386
Bibim Restaurant,"'166 Harvard Ave.,Boston,MA,USA'",'A; B; C',42.3515054,-71.1314451
Hanmaru,"'164 Harvard Ave.,Boston,MA,USA'",'A; B; C',42.3515073,-71.1314179
Au Bon Pain,"'431 Boylston St.,Boston,MA,USA'",'A; B; C',42.3515392,-71.0729131
Susan's Deli Of Course,"'695 Atlantic Ave.,Boston,MA,USA'",'A; B; C',42.3515837,-71.0562695
Froyo World,"'157 Harvard Ave.,Boston,MA,USA'",'A; B; C',42.3516113,-71.1319492
Dumpling King,"'40 Harrison Ave.,Boston,MA,USA'",'A; B; C',42.3516622,-71.0608976
Wai Wai Ice Cream Shop,"'26 Oxford St.,Boston,MA,USA'",'A; B; C',42.3516767,-71.0602735
Chilton Club,"'150 Commonwealth Ave.,Boston,MA,USA'",'A; B; C',42.3517904,-71.0778494
Master Wok,"'650 Atlantic Ave.,Boston,MA,USA'",'A; B; C',42.3518144,-71.055222
Cookin Cafe & Grille,"'1096 Commonwealth Ave.,Boston,MA,USA'",'A; B; C',42.3518199,-71.1242958
Seller's Cafe@N.E. College Of Optometry,"'424 Beacon St.,Boston,MA,USA'",'A; B; C',42.3518462,-71.0868624
Thinking Cup Newbury,"'85 Newbury St.,Boston,MA,USA'",'A; B; C',42.351894,-71.074962
Asian Garden Restaurant Inc.,"'28 Harrison Ave.,Boston,MA,USA'",'A; B; C',42.3519404,-71.0610193
Bistro Du Midi,"'272 Boylston St.,Boston,MA,USA'",'A; B; C',42.3519657,-71.0694932
New Moon Villa Restaurant,"'15 Edinboro St.,Boston,MA,USA'",'A; B; C',42.3519999,-71.059911
Dunkin' Donuts/Baskin Robins,"'80 Boylston St.,Boston,MA,USA'",'A; B; C',42.3520126,-71.0649292
Tarboosh Pizza & Grill,"'2 Brighton Ave.,Boston,MA,USA'",'A; B; C',42.3520314,-71.1255678
Four Seasons Hotel Boston,"'200 Boylston St.,Boston,MA,USA'",'A; B; C',42.3520523,-71.0683194
Victoria Seafood,"'1029 Commonwealth Ave.,Boston,MA,USA'",'A; B; C',42.3521291,-71.1217221
Garlic 'N Lemons,"'133 Harvard Ave.,Boston,MA,USA'",'A; B; C',42.3521356,-71.1321379
Griddler's Burgers & Dogs,"'134 Boylston St.,Boston,MA,USA'",'A; B; C',42.3522751,-71.0661106
Gather,"'75 Northern Ave.,Boston,MA,USA'",'A; B; C',42.3522913,-71.0452839
Townsman,"'118 Kingston St.,Boston,MA,USA'",'A; B; C',42.3522982,-71.0593497
Korean Garden Restaurant,"'122 Harvard Ave.,Boston,MA,USA'",'A; B; C',42.3523726,-71.1317185
Geido Sushi,"'1 Brighton Ave.,Boston,MA,USA'",'A; B; C',42.3524485,-71.1254097
Kantin,"'1 Brighton Ave.,Boston,MA,USA'",'A; B; C',42.3524485,-71.1254097
Misono Grill,"'1 Brighton Ave.,Boston,MA,USA'",'A; B; C',42.3524485,-71.1254097
Kaze Shabu Shabu,"'41 Essex St.,Boston,MA,USA'",'A; B; C',42.3524728,-71.0614845
Garden Halls Dorms,"'125 Commonwealth Ave.,Boston,MA,USA'",'A; B; C',42.352514,-71.077606
Sleeper Street Cafe,"'51 Sleeper St.,Boston,MA,USA'",'A; B; C',42.3525249,-71.0484989
Pizzeria Regina Of So. Station,"'630 Atlantic Ave.,Boston,MA,USA'",'A; B; C',42.3525421,-71.05549
Chilipa Restaurant,"'1095 Commonwealth Ave.,Boston,MA,USA'",'A; B; C',42.3526374,-71.1254887
Pho Viets,"'1095 Commonwealth Ave.,Boston,MA,USA'",'A; B; C',42.3526374,-71.1254887
Sunset Grill,"'130 Brighton Ave.,Boston,MA,USA'",'A; B; C',42.3527462,-71.1315652
Babbo Pizzeria,"'11 Fan Pier Bl.,Boston,MA,USA'",'A; B; C',42.352915,-71.0460679
S & I To Go,"'168 Brighton Ave.,Boston,MA,USA'",'A; B; C',42.3529304,-71.1329437
Thai Place Restaurant,"'184 Brighton Ave.,Boston,MA,USA'",'A; B; C',42.3530103,-71.1337634
Bonchon Allston,"'101 Brighton Ave.,Boston,MA,USA'",'A; B; C',42.3530206,-71.1302597
La Mamma Pizza And More,"'190 Brighton Ave.,Boston,MA,USA'",'A; B; C',42.3530266,-71.1339451
Amelia's Taqueria,"'180 Brighton Ave.,Boston,MA,USA'",'A; B; C',42.3530424,-71.1336465
O Yummy Cuisine,"'182 Brighton Ave.,Boston,MA,USA'",'A; B; C',42.3530523,-71.1337016
Punjab Palace,"'109 Brighton Ave.,Boston,MA,USA'",'A; B; C',42.3530593,-71.1305102
Institute Of Contemporary Art/Water Cafe,"'70 Northern Ave.,Boston,MA,USA'",'A; B; C',42.353079,-71.043252
Ma La Restaurant,"'129 Brighton Ave.,Boston,MA,USA'",'A; B; C',42.3531153,-71.1310864
Nebo Ristorante/Enoteca,"'520 Atlantic Ave.,Boston,MA,USA'",'A; B; C',42.353206,-71.052519
Le's Restaurant,"'137 Brighton Ave.,Boston,MA,USA'",'A; B; C',42.3532439,-71.131189
Refuge Cafe,"'155 Brighton Ave.,Boston,MA,USA'",'A; B; C',42.353252,-71.131868
Tavern In The Square,"'161 Brighton Ave.,Boston,MA,USA'",'A; B; C',42.353275,-71.1326451
Totto Ramen,"'169 Brighton Ave.,Boston,MA,USA'",'A; B; C',42.3532861,-71.1329936
Oriental House,"'560 Washington St.,Boston,MA,USA'",'A; B; C',42.353378,-71.062006
Saints Diner,"'572 Washington St.,Boston,MA,USA'",'A; B; C',42.353378,-71.062006
Twin Donuts,"'501 Cambridge St.,Boston,MA,USA'",'A; B; C',42.3535275,-71.1379589
Bruegger's,"'91 Summer St.,Boston,MA,USA'",'A; B; C',42.3536654,-71.058573
The Barking Crab,"'88 Sleeper St.,Boston,MA,USA'",'A; B; C',42.3537972,-71.0486469
Sebastians Cafe,"'100 Summer St.,Boston,MA,USA'",'A; B; C',42.3538414,-71.0573659
Trio Cafe,"'0 Northern Ave.,Boston,MA,USA'",'A; B; C',42.3540034,-71.0481692
La Be Fana Pizzeria,"'15 N Beacon St.,Boston,MA,USA'",'A; B; C',42.3541199,-71.1378479
Viga,"'291 Devonshire St.,Boston,MA,USA'",'A; B; C',42.354151,-71.057967
Society On High,"'99 High St.,Boston,MA,USA'",'A; B; C',42.3541833,-71.0546962
Hoshi Japanese Restaurant,"'525 Washington St.,Boston,MA,USA'",'A; B; C',42.3542094,-71.062262
Boloco,"'133 Federal St.,Boston,MA,USA'",'A; B; C',42.3542676,-71.05661
Kaju Tofu House,"'56 Harvard Ave.,Boston,MA,USA'",'A; B; C',42.3543449,-71.1323106
Freshii,"'100 High St.,Boston,MA,USA'",'A; B; C',42.354474,-71.0554013
Siam Bistro,"'151 Pearl St.,Boston,MA,USA'",'A; B; C',42.3545586,-71.0536419
Scali Deli Cafe,"'147 Pearl St.,Boston,MA,USA'",'A; B; C',42.3545706,-71.0536984
Azama Grill,"'44 Harvard Ave.,Boston,MA,USA'",'A; B; C',42.3545725,-71.1322728
Biddy Earlys,"'141 Pearl St.,Boston,MA,USA'",'A; B; C',42.3546587,-71.0537456
China Maxim Iii,"'241 Market St.,Boston,MA,USA'",'A; B; C',42.3547091,-71.1504852
The Draft Bar & Grill,"'32 Harvard Ave.,Boston,MA,USA'",'A; B; C',42.354825,-71.1325786
Darbar Indo-Pak Rest.,"'130 N Beacon St.,Boston,MA,USA'",'A; B; C',42.354939,-71.1447639
Cafe De Boston,"'75 Federal St.,Boston,MA,USA'",'A; B; C',42.3550019,-71.0567528
Raphael Caribbean Cuisine,"'481 Washington St.,Boston,MA,USA'",'A; B; C',42.3550546,-71.0613035
Fan Fan Restaurant,"'15 Harvard Ave.,Boston,MA,USA'",'A; B; C',42.355165,-71.1326812
Fisher College,"'118 Beacon St.,Boston,MA,USA'",'A; B; C',42.35531,-71.07417
Fisher College Cafe,"'118 Beacon St.,Boston,MA,USA'",'A; B; C',42.35531,-71.07417
Cafe 26,"'26 Temple Pl.,Boston,MA,USA'",'A; B; C',42.3553891,-71.0620905
The Merchant,"'60 Franklin St.,Boston,MA,USA'",'A; B; C',42.3554384,-71.0580345
Goulston & Storrs,"'390 Atlantic Ave.,Boston,MA,USA'",'A; B; C',42.3556254,-71.0503844
Samurai Kuang Eatery,"'58 Franklin St.,Boston,MA,USA'",'A; B; C',42.3557295,-71.0584403
Bourbon St. Cafe,"'417 Washington St.,Boston,MA,USA'",'A; B; C',42.3558635,-71.0604975
Charley's Philly Steak,"'417 Washington St.,Boston,MA,USA'",'A; B; C',42.3558635,-71.0604975
Happy Lemon,"'417 Washington St.,Boston,MA,USA'",'A; B; C',42.3558635,-71.0604975
Metro Subway Inc.,"'417 Washington St.,Boston,MA,USA'",'A; B; C',42.3558635,-71.0604975
Salsas Mexican Grill,"'417 Washington St.,Boston,MA,USA'",'A; B; C',42.3558635,-71.0604975
Sushi Time,"'417 Washington St.,Boston,MA,USA'",'A; B; C',42.3558635,-71.0604975
Thai Accent,"'417 Washington St.,Boston,MA,USA'",'A; B; C',42.3558635,-71.0604975
Wongs,"'417 Washington St.,Boston,MA,USA'",'A; B; C',42.3558635,-71.0604975
Yum Yum Noodle,"'417 Washington St.,Boston,MA,USA'",'A; B; C',42.3558635,-71.0604975
Hampshire House Butcher Block,"'84 Beacon St.,Boston,MA,USA'",'A; B; C',42.3559392,-71.0712463
Squeeze Cafe & Juice Bar,"'225 Franklin St.,Boston,MA,USA'",'A; B; C',42.3560286,-71.0540513
Regina Pizza Of Allston,"'353 Cambridge St.,Boston,MA,USA'",'A; B; C',42.3561329,-71.1324581
Harvard Gardens,"'310 Cambridge St.,Boston,MA,USA'",'A; B; C',42.3563578,-71.1274812
Elephant & Castle Pub And Restaurant,"'161 Devonshire St.,Boston,MA,USA'",'A; B; C',42.3563767,-71.0575545
Langham Hotel,"'250 Franklin St.,Boston,MA,USA'",'A; B; C',42.3564331,-71.0547923
Brandy Petes,"'267 Franklin.,Boston,MA,USA'",'A; B; C',42.3565179,-71.0532202
Side Bar Food & Sprits,"'14 Bromfield St.,Boston,MA,USA'",'A; B; C',42.3566133,-71.0599998
Ud Kitchen,"'184 High St.,Boston,MA,USA'",'A; B; C',42.3566489,-71.0526247
The Upper Crust,"'20 Charles St.,Boston,MA,USA'",'A; B; C',42.3566637,-71.0699582
Beantown Pub,"'100 Tremont St.,Boston,MA,USA'",'A; B; C',42.3568438,-71.0615914
Cafe Marliave,"'10 Bosworth St.,Boston,MA,USA'",'A; B; C',42.356858,-71.0602762
Mediterranean Grill,"'281 Franklin St.,Boston,MA,USA'",'A; B; C',42.3569571,-71.0530011
Barracuda Tavern,"'53 Bromfield St.,Boston,MA,USA'",'A; B; C',42.357039,-71.0606422
Somerset Club,"'42 Beacon St.,Boston,MA,USA'",'A; B; C',42.357076,-71.0668154
Mast' Restaurant,"'45 Province St.,Boston,MA,USA'",'A; B; C',42.3572816,-71.0599532
Paramount,"'44 Charles St.,Boston,MA,USA'",'A; B; C',42.3572829,-71.0701784
Hilton Boston Financial District,"'89 Broad St.,Boston,MA,USA'",'A; B; C',42.3573324,-71.0532338
Nix's Mate,"'89 Broad St.,Boston,MA,USA'",'A; B; C',42.3573324,-71.0532338
Nine Zero Hotel,"'90 Tremont St.,Boston,MA,USA'",'A; B; C',42.3573448,-71.0607035
Chipotle Mexican Grille,"'283 Washington St.,Boston,MA,USA'",'A; B; C',42.3575319,-71.0584096
Joshua's Deli,"'42 Batterymarch St.,Boston,MA,USA'",'A; B; C',42.3575599,-71.0538225
Lanta Asian Cuisine,"'38 Batterymarch St.,Boston,MA,USA'",'A; B; C',42.3575943,-71.0539181
Mr. Dooleys Boston Tavern,"'77 Broad St.,Boston,MA,USA'",'A; B; C',42.357643,-71.0536578
Cafe Hemsin,"'10 City Hall Ave.,Boston,MA,USA'",'A; B; C',42.3577403,-71.0593263
Vintage Lounge,"'72 Broad St.,Boston,MA,USA'",'A; B; C',42.3577465,-71.0529824
Omni Parker House,"'56 School St.,Boston,MA,USA'",'A; B; C',42.3577765,-71.0599116
Vanderbilt,"'4 Liberty Sq.,Boston,MA,USA'",'A; B; C',42.3579927,-71.0545358
Emmets Irish Pub,"'6 Beacon St.,Boston,MA,USA'",'A; B; C',42.3579992,-71.0616161
Sakuraabana Inc,"'57 Broad St.,Boston,MA,USA'",'A; B; C',42.358001,-71.0542613
Bean & Leaf Cafe,"'20 Custom House St.,Boston,MA,USA'",'A; B; C',42.3581038,-71.0533603
Potbelly Sandwich Shop (275 Washington St.),"'275 Washington St.,Boston,MA,USA'",'A; B; C',42.3581466,-71.0581732
Viga Italian Eatery,"'275 Washington St.,Boston,MA,USA'",'A; B; C',42.3581466,-71.0581732
Scollay Square,"'21 Beacon St.,Boston,MA,USA'",'A; B; C',42.3581491,-71.0625318
Zen Restaurant,"'21 Beacon St.,Boston,MA,USA'",'A; B; C',42.3581491,-71.0625318
Beantown Hoagie,"'102 Water St.,Boston,MA,USA'",'A; B; C',42.3581726,-71.0549454
Coogan's Bluff,"'171 Milk St.,Boston,MA,USA'",'A; B; C',42.3582517,-71.0533884
Seven's Ale House,"'77 Charles St.,Boston,MA,USA'",'A; B; C',42.3582895,-71.0705892
Dunkin Donuts (219 Cambridge),"'219 Cambridge St.,Boston,MA,USA'",'A; B; C',42.3583446,-71.1263543
Espresso Love Cafe,"'33 Broad St.,Boston,MA,USA'",'A; B; C',42.3583857,-71.0544765
Piperi Restaurant,"'1 Beacon St.,Boston,MA,USA'",'A; B; C',42.3584444,-71.0608393
Rebecca's Cafe Inc.,"'1 Beacon St.,Boston,MA,USA'",'A; B; C',42.3584444,-71.0608393
Carrie Nation,"'11 Beacon St.,Boston,MA,USA'",'A; B; C',42.3584916,-71.0617564
Cosi,"'53 State St.,Boston,MA,USA'",'A; B; C',42.3584972,-71.0561757
Crush Pizza,"'107 State St.,Boston,MA,USA'",'A; B; C',42.358934,-71.0549472
Hyatt Conf. & Hotel (Fs),"'101 Harborside Dr.,Boston,MA,USA'",'A; B; C',42.3591952,-71.0271992
Al's State St. Cafe,"'112 State.,Boston,MA,USA'",'A; B; C',42.3593207,-71.0548687
Sultan's Kitchen,"'112 State St.,Boston,MA,USA'",'A; B; C',42.3593207,-71.0548687
Legal Seafoods,"'255 State St.,Boston,MA,USA'",'A; B; C',42.3593804,-71.051295
Bertucci's Brick Oven Pizza,"'22 Merchants Ro.,Boston,MA,USA'",'A; B; C',42.3593983,-71.0558269
Black Rose,"'160 State St.,Boston,MA,USA'",'A; B; C',42.359437,-71.0537795
Cocobeet,"'100 City Hall Pz.,Boston,MA,USA'",'A; B; C',42.3594493,-71.0588576
Aris Barbeque,"'200 Faneuil Hall Market Pl.,Boston,MA,USA'",'A; B; C',42.3597994,-71.0544602
Durgin Park Restaurant,"'300 Faneuil Hall Marketplace.,Boston,MA,USA'",'A; B; C',42.3597994,-71.0544602
Jen Lai Noodle And Rice Co.,"'1 Faneuil Hall Mkt Pl Pl.,Boston,MA,USA'",'A; B; C',42.3597994,-71.0544602
Mccormick & Schmick,"'300 Faneuil Hall Market Pl.,Boston,MA,USA'",'A; B; C',42.3597994,-71.0544602
Philadelphia Steak & Hoagie,"'200 Faneuil Hall Market Pl.,Boston,MA,USA'",'A; B; C',42.3597994,-71.0544602
Quincy's Place,"'100-199 Faneuil Hall Market Pl.,Boston,MA,USA'",'A; B; C',42.3597994,-71.0544602
Regina's (Up),"'1 Faneuil Hall Mkt Pl Pl.,Boston,MA,USA'",'A; B; C',42.3597994,-71.0544602
Wagamama Restaurant,"'200 Faneuil Hall Market Pl.,Boston,MA,USA'",'A; B; C',42.3597994,-71.0544602
Zumas Tex-Mex Grill,"'100-199 Faneuil Hall Market Pl.,Boston,MA,USA'",'A; B; C',42.3597994,-71.0544602
The Charles River Bistro,"'0 David G Mugar Wy.,Boston,MA,USA'",'A; B; C',42.3598609,-71.0720547
J P Licks @ Charles Street,"'144 Charles St.,Boston,MA,USA'",'A; B; C',42.3598814,-71.0709344
Panificio,"'144 Charles St.,Boston,MA,USA'",'A; B; C',42.3598814,-71.0709344
Clover Fast Food L M A No. 4,"'.,Boston,MA,USA'",'A; B; C',42.3600825,-71.0588801
City Hall Deli (8Th Fl.),"'1 City Hall Plaza.,Boston,MA,USA'",'A; B; C',42.360331,-71.057996
Panera Bread,"'1 Union St.,Boston,MA,USA'",'A; B; C',42.3605884,-71.0566478
Grandes Ligas Restaurant Inc.,"'14 Hancock St.,Boston,MA,USA'",'A; B; C',42.360618,-71.064267
Griddler's Burgers & Dogs,"'204 Cambridge St.,Boston,MA,USA'",'A; B; C',42.3608818,-71.0658869
Felcaro Pizzeria,"'276 Cambridge St.,Boston,MA,USA'",'A; B; C',42.360923,-71.0680196
Anna's Taqueria,"'242 Cambridge St.,Boston,MA,USA'",'A; B; C',42.3609297,-71.0671098
Bruegger's Bagel Bakery,"'370 Western Ave.,Boston,MA,USA'",'A; B; C',42.3609676,-71.1375155
The Hill Tavern,"'228 Cambridge St.,Boston,MA,USA'",'A; B; C',42.3609803,-71.0666693
Fin's Sushi & Grill,"'240 Cambridge St.,Boston,MA,USA'",'A; B; C',42.3609958,-71.0668239
Antonio's Italiano Cucina,"'286 Cambridge St.,Boston,MA,USA'",'A; B; C',42.3609998,-71.0681511
Blue Fuji,"'106 Cambridge St.,Boston,MA,USA'",'A; B; C',42.3610448,-71.0631847
Down Home Delivery & Catering,"'2 Bowdoin St.,Boston,MA,USA'",'A; B; C',42.3611467,-71.0628943
Savory Food Truck No. 3 (P-33-235),"'0 Blossom St.,Boston,MA,USA'",'A; B; C',42.3612411,-71.0669541
Union Oyster House,"'41 Union St.,Boston,MA,USA'",'A; B; C',42.3612599,-71.0568805
Finagle A Bagel,"'275 Cambridge St.,Boston,MA,USA'",'A; B; C',42.3613671,-71.0681858
Green Dragon Tavern,"'11 Marshall St.,Boston,MA,USA'",'A; B; C',42.361468,-71.056849
The Living Room,"'101 Atlantic Ave.,Boston,MA,USA'",'A; B; C',42.3617246,-71.0523308
Plaza Deli Ii,"'7 Bulfinch Pl.,Boston,MA,USA'",'A; B; C',42.3618034,-71.0612901
Mother Juice,"'100 Hanover St.,Boston,MA,USA'",'A; B; C',42.3620005,-71.0569411
Whole Foods Market(Cambridge St.),"'181 Cambridge St.,Boston,MA,USA'",'A; B; C',42.3620497,-71.0653595
The Liberty Hotel,"'215 Charles St.,Boston,MA,USA'",'A; B; C',42.3620694,-71.070207
The Cafe On New Chardon St.,"'25 New Chardon St.,Boston,MA,USA'",'A; B; C',42.3621233,-71.061748
Boston Sail Loft,"'80 Atlantic Ave.,Boston,MA,USA'",'A; B; C',42.3624726,-71.0505386
Mother Anna's,"'211 Hanover St.,Boston,MA,USA'",'A; B; C',42.3626826,-71.0552861
Jimmy John's,"'380 Western Ave.,Boston,MA,USA'",'A; B; C',42.3627213,-71.1377086
Mcdonalds,"'360 Western Ave.,Boston,MA,USA'",'A; B; C',42.3627848,-71.1369091
Cobblestones,"'227 Hanover St.,Boston,MA,USA'",'A; B; C',42.3629612,-71.0549931
Shriners' Hosp. For Children,"'51 Blossom St.,Boston,MA,USA'",'A; B; C',42.3630966,-71.0664573
Bishop's Mediterranean,"'70 Staniford St.,Boston,MA,USA'",'A; B; C',42.3631455,-71.0643402
Bus Stop Pub,"'252 Western Ave.,Boston,MA,USA'",'A; B; C',42.3631683,-71.1327969
Parla,"'230 Hanover St.,Boston,MA,USA'",'A; B; C',42.3632455,-71.0552327
Spagnoulos,"'240 Hanover St.,Boston,MA,USA'",'A; B; C',42.3633255,-71.0551035
Villa Francesca,"'150 Richmond St.,Boston,MA,USA'",'A; B; C',42.3633662,-71.0545254
Monica's Restaurant,"'143 Richmond St.,Boston,MA,USA'",'A; B; C',42.3634098,-71.054222
Rabia's Restaurant,"'73 Salem St.,Boston,MA,USA'",'A; B; C',42.3634291,-71.0557996
Limoncello,"'190 North St.,Boston,MA,USA'",'A; B; C',42.3635067,-71.0540766
The Skating Club Of Boston,"'1240 Soldiers Field Rd.,Boston,MA,USA'",'A; B; C',42.3635167,-71.136864
Urban Cantina,"'76 Salem St.,Boston,MA,USA'",'A; B; C',42.363604,-71.0560163
Johnnies On The Side,"'138 Portland St.,Boston,MA,USA'",'A; B; C',42.3636756,-71.061344
Joyful Garden @ Days Hotel,"'1234 Soldiers Field Rd.,Boston,MA,USA'",'A; B; C',42.3636954,-71.1363879
Quattro Ristorante Grill & Pizzeria,"'264 Hanover St.,Boston,MA,USA'",'A; B; C',42.3636992,-71.0548319
Il Panino Restaurant,"'7 Parmenter St.,Boston,MA,USA'",'A; B; C',42.3637647,-71.0547965
Pagliuca's Restaurant,"'14 Parmenter St.,Boston,MA,USA'",'A; B; C',42.3637686,-71.0549511
Antico Forno,"'93 Salem St.,Boston,MA,USA'",'A; B; C',42.3637779,-71.0555443
Boston Common Coffee Co.,"'97 Salem St.,Boston,MA,USA'",'A; B; C',42.3638446,-71.0554967
Billy Tse Restaurant,"'240 Commercial St.,Boston,MA,USA'",'A; B; C',42.363856,-71.0514454
O'saraceno,"'284 Hanover St.,Boston,MA,USA'",'A; B; C',42.363983,-71.054559
Bella Vista,"'288 Hanover St.,Boston,MA,USA'",'A; B; C',42.3640379,-71.0544931
Pellinos Ristorante,"'2 Prince St.,Boston,MA,USA'",'A; B; C',42.3640601,-71.0536564
Daily Catch,"'319 Hanover St.,Boston,MA,USA'",'A; B; C',42.364066,-71.053976
Artu,"'6 Prince.,Boston,MA,USA'",'A; B; C',42.3641456,-71.0537493
Bonne Chance Cafe,"'77 Canal St.,Boston,MA,USA'",'A; B; C',42.3641619,-71.059661
Caffe Vittoria,"'290 Hanover St.,Boston,MA,USA'",'A; B; C',42.3641859,-71.054484
Dip It Sweet,"'94 Endicott St.,Boston,MA,USA'",'A; B; C',42.364199,-71.057288
Landmark Pizza @ North Station,"'0 Causeway St.,Boston,MA,USA'",'A; B; C',42.3641993,-71.0633536
Al Dente Ristorante,"'109 Salem St.,Boston,MA,USA'",'A; B; C',42.3642076,-71.0553658
China House,"'331 Hanover St.,Boston,MA,USA'",'A; B; C',42.3642098,-71.0538148
Florentine Caffe,"'333 Hanover St.,Boston,MA,USA'",'A; B; C',42.3642825,-71.0536989
Boston Common Coffee Co.,"'99 Canal St.,Boston,MA,USA'",'A; B; C',42.364341,-71.0598742
Caffe Dello Sport,"'308 Hanover.,Boston,MA,USA'",'A; B; C',42.364349,-71.0542
Boston Beer Works,"'112 Canal.,Boston,MA,USA'",'A; B; C',42.364407,-71.0604379
Nonno's,"'252 Friend St.,Boston,MA,USA'",'A; B; C',42.3644949,-71.0613345
Cosi (Pier B) Air Canada,"'200 Logan Airport Trmnl B.,Boston,MA,USA'",'A; B; C',42.3645818,-71.0195813
Sbarro Restaurant,"'200 Logan Airport Trmnl B.,Boston,MA,USA'",'A; B; C',42.3645818,-71.0195813
La Galleria 33,"'123 Salem St.,Boston,MA,USA'",'A; B; C',42.364662,-71.055359
Metro Subway Inc.,"'203 Portland St.,Boston,MA,USA'",'A; B; C',42.3646763,-71.0619196
Strega,"'379 Hanover St.,Boston,MA,USA'",'A; B; C',42.364954,-71.0530257
Trattoria Di Monica,"'67 Prince.,Boston,MA,USA'",'A; B; C',42.3651597,-71.0550584
Pizzeria Regina,"'11H Thacher St.,Boston,MA,USA'",'A; B; C',42.3655706,-71.057102
Nico Restaurant,"'417 Hanover St.,Boston,MA,USA'",'A; B; C',42.3656557,-71.052669
Boston Beer Works (Pier C),"'300 Logan Airport Trmnl C.,Boston,MA,USA'",'A; B; C',42.3660751,-71.020461
Lucky's Lounge,"'100 Logan Airport Trmnl A.,Boston,MA,USA'",'A; B; C',42.3660751,-71.020461
Theo's Cozy Corner Restaurant,"'162 Salem St.,Boston,MA,USA'",'A; B; C',42.3660936,-71.0550942
Caffe Lil Italy,"'178 Salem St.,Boston,MA,USA'",'A; B; C',42.3665574,-71.0547908
Filippo's,"'283 Causeway St.,Boston,MA,USA'",'A; B; C',42.3668889,-71.0584533
Rocco's Cucina & Bar,"'450 Commercial St.,Boston,MA,USA'",'A; B; C',42.3673305,-71.0533728
Super Stop & Shop,"'60 Everett St.,Boston,MA,USA'",'A; B; C',42.368084,-71.035494
El Rinconcito,"'226 Sumner St.,Boston,MA,USA'",'A; B; C',42.3687394,-71.0390337
Taco Mex,"'65 Maverick Sq.,Boston,MA,USA'",'A; B; C',42.3696603,-71.0386469
Maverick Marketplace,"'154 Maverick St.,Boston,MA,USA'",'A; B; C',42.369914,-71.0379108
La Sultana Bakery,"'40 Maverick Sq.,Boston,MA,USA'",'A; B; C',42.3700726,-71.0391772
Cactus Grill,"'42 Maverick Sq.,Boston,MA,USA'",'A; B; C',42.370153,-71.039199
Embassy Suites Boston (Fs),"'207 Porter St.,Boston,MA,USA'",'A; B; C',42.3701536,-71.0319121
Taxi Pool Cafeteria,"'226 Porter St.,Boston,MA,USA'",'A; B; C',42.3704633,-71.0316092
Harbor Walk Cafe,"'1 Constitution Pz.,Boston,MA,USA'",'A; B; C',42.3706239,-71.0604922
Bunker Hill Community College,"'2 Rutherford Ave.,Boston,MA,USA'",'A; B; C',42.370973,-71.0620028
Sorelle City Square,"'1 Chelsea.,Boston,MA,USA'",'A; B; C',42.3711683,-71.0613888
Dough East Boston,"'20 Maverick St.,Boston,MA,USA'",'A; B; C',42.3716536,-71.0420494
La Abundancia Bakery Corporation,"'59 Meridian St.,Boston,MA,USA'",'A; B; C',42.371769,-71.0387876
Side Street Cafe,"'79 Meridian St.,Boston,MA,USA'",'A; B; C',42.3721844,-71.0387713
Santarpio's Cafe Inc.,"'111 Chelsea St.,Boston,MA,USA'",'A; B; C',42.3726652,-71.0352715
Pier 6 Restaurant,"'1 Eighth St.,Boston,MA,USA'",'A; B; C',42.37332,-71.0502201
Style Cafe,"'197 Eighth St.,Boston,MA,USA'",'A; B; C',42.3734152,-71.0519314
Sorelle,"'65 Main St.,Boston,MA,USA'",'A; B; C',42.373568,-71.0625146
Fig's,"'67 Main St.,Boston,MA,USA'",'A; B; C',42.3735899,-71.0625463
Rosticeria Cancun,"'143 Meridian St.,Boston,MA,USA'",'A; B; C',42.373679,-71.0388268
Tangierino,"'83 Main St.,Boston,MA,USA'",'A; B; C',42.373896,-71.0626871
Mcdonald's,"'178 Border St.,Boston,MA,USA'",'A; B; C',42.374449,-71.0402679
Casa Colombia Rest. Ice Cream & Bakery,"'14 William C Kelly Sq.,Boston,MA,USA'",'A; B; C',42.3746301,-71.0387562
Pollo Campero,"'188 Border St.,Boston,MA,USA'",'A; B; C',42.3748549,-71.0407684
99 Restaurant And Pub,"'29 Austin St.,Boston,MA,USA'",'A; B; C',42.3749116,-71.0670168
El Paisa Ii,"'215 Border St.,Boston,MA,USA'",'A; B; C',42.3755913,-71.0395952
El Penol Restaurant,"'54 Bennington St.,Boston,MA,USA'",'A; B; C',42.375787,-71.037132
Dem & Ted Inc. Pizza Shuttle,"'239 Meridian St.,Boston,MA,USA'",'A; B; C',42.3757958,-71.0391163
Harbor Pacific,"'235 Meridian.,Boston,MA,USA'",'A; B; C',42.3758375,-71.0389029
Papa Gino's,"'19 Austin St.,Boston,MA,USA'",'A; B; C',42.3759097,-71.065471
Pueblo Viejo Pupuseria & Mexican Grill,"'170 Marion St.,Boston,MA,USA'",'A; B; C',42.3760297,-71.0355205
Chow Thai Cafe,"'185 Main.,Boston,MA,USA'",'A; B; C',42.3760344,-71.0646328
Sweet Rice,"'187 Main St.,Boston,MA,USA'",'A; B; C',42.3760366,-71.064704
La Reina,"'80 Bennington St.,Boston,MA,USA'",'A; B; C',42.3760892,-71.0361064
East Boston House Of Pizza,"'271 Meridian St.,Boston,MA,USA'",'A; B; C',42.3762785,-71.0389397
Zume's Coffee House,"'219 Main St.,Boston,MA,USA'",'A; B; C',42.3765225,-71.0654843
Afc Sushi @ Walgreens No. 15390,"'10 School St.,Boston,MA,USA'",'A; B; C',42.376948,-71.0655669
Walgreens,"'10 School St.,Boston,MA,USA'",'A; B; C',42.376948,-71.0655669
Oliveira's Restaurant,"'297 Chelsea St.,Boston,MA,USA'",'A; B; C',42.3769982,-71.0302318
Domino's Pizza (277 Main St. Chasn.),"'277 Main St.,Boston,MA,USA'",'A; B; C',42.3775163,-71.0666607
Kipo's Pizzeria Restaurant,"'106 Bunker Hill St.,Boston,MA,USA'",'A; B; C',42.3776365,-71.0586838
Toni Ann's,"'283 Main St.,Boston,MA,USA'",'A; B; C',42.3776376,-71.0668405
Donut-N-Donuts Inc.,"'1 Sullivan St.,Boston,MA,USA'",'A; B; C',42.3777726,-71.0672792
Rino's Place,"'256 Saratoga.,Boston,MA,USA'",'A; B; C',42.3781831,-71.0321164
D'Rafas Restaurant,"'156 Bunker Hill St.,Boston,MA,USA'",'A; B; C',42.3782584,-71.0608269
Taqueria Jalisco,"'291 Bennington St.,Boston,MA,USA'",'A; B; C',42.3787141,-71.0282424
The Family Kitchen,"'198 Bunker Hill.,Boston,MA,USA'",'A; B; C',42.3787392,-71.0622236
Tu Metapan Restaurant,"'295 Bennington St.,Boston,MA,USA'",'A; B; C',42.378745,-71.0281206
El Pollo Doreno,"'309 Bennington St.,Boston,MA,USA'",'A; B; C',42.378876,-71.0278534
Mi Pueblito Restaurant,"'333 Border St.,Boston,MA,USA'",'A; B; C',42.3790406,-71.039835
Grasshopper Cafe,"'229 Bunker Hill St.,Boston,MA,USA'",'A; B; C',42.3794732,-71.0633032
Great Chef,"'390 Chelsea St.,Boston,MA,USA'",'A; B; C',42.3794977,-71.0279145
El Chalan,"'405 Chelsea St.,Boston,MA,USA'",'A; B; C',42.3797966,-71.0270318
Hilton Boston Logan Airport,"'85 Terminal.,Boston,MA,USA'",'A; B; C',42.3819896,-71.0569923
Tavern At End Of The World,"'108 Cambridge St.,Boston,MA,USA'",'A; B; C',42.3821833,-71.0793873
Prescott,"'50 Terminal St.,Boston,MA,USA'",'A; B; C',42.3823675,-71.0605165
Asian House,"'99 Cambridge St.,Boston,MA,USA'",'A; B; C',42.3825388,-71.0791988
Sammy Carlo's Delicatessen & Catering Inc.,"'567 Bennington St.,Boston,MA,USA'",'A; B; C',42.3825813,-71.0183773
Royal Roast Beef & Seafood,"'752 Bennington St.,Boston,MA,USA'",'A; B; C',42.3855817,-71.0108158
Mama Blanca Restaurant,"'1041 Saratoga St.,Boston,MA,USA'",'A; B; C',42.3858864,-71.0050386
New Saigon Restaurant,"'985 Bennington St.,Boston,MA,USA'",'A; B; C',42.3862632,-71.0073254
Donna's Restaurant,"'978 Saratoga St.,Boston,MA,USA'",'A; B; C',42.387026,-71.0074001
El Paisa Restaurante,"'1012 Bennington St.,Boston,MA,USA'",'A; B; C',42.3870999,-71.006316
Charlestown Cafe,"'78 Arlington Ave.,Boston,MA,USA'",'A; B; C',42.3871868,-71.0750047
Courtyard By Marriott,"'225 William F Mcclellan Hw.,Boston,MA,USA'",'A; B; C',42.3873694,-71.0163297
M & M Ribs,"'1 Citywide.,Boston,MA,USA'",'A; B',42.331171,-71.067365
,,,,
,,,,
,,,,
,,,,
,,,,
,,,,
,,,,
,,,,
,,,,
,,,,
,,,,
,,,,
,,,,
,,,,
,,,,
,,,,
,,,,
,,,,
,,,,
,,,,
,,,,
,,,,
,,,,
,,,,
,,,,
,,,,
,,,,
,,,,
,,,,
,,,,
,,,,
,,,,
,,,,
,,,,
,,,,
,,,,
,,,,
,,,,
,,,,
,,,,
,,,,
,,,,
,,,,
,,,,
,,,,
,,,,
,,,,
,,,,
,,,,
,,,,
,,,,
,,,,
,,,,
,,,,
,,,,
,,,,
,,,,
,,,,
,,,,
,,,,
,,,,
,,,,
,,,,
,,,,
,,,,
,,,,
,,,,
,,,,
,,,,
,,,,
,,,,
,,,,
,,,,
,,,,
,,,,
,,,,
,,,,
,,,,
,,,,
,,,,
,,,,
,,,,
,,,,
,,,,
,,,,
,,,,
,,,,
,,,,
,,,,
,,,,
,,,,
,,,,
,,,,
,,,,
,,,,
,,,,
,,,,
,,,,
,,,,
,,,,
,,,,
,,,,
,,,,
,,,,
,,,,
,,,,
,,,,
,,,,
,,,,
,,,,
,,,,
,,,,
,,,,
,,,,
,,,,
,,,,
,,,,
,,,,
,,,,
,,,,
,,,,
,,,,
,,,,
,,,,
,,,,
,,,,
,,,,
,,,,
,,,,
,,,,
,,,,
,,,,
,,,,
,,,,
,,,,
,,,,
,,,,
,,,,
,,,,
,,,,
,,,,
,,,,
,,,,
,,,,
,,,,
,,,,
,,,,
,,,,
,,,,
,,,,
,,,,
,,,,
,,,,
,,,,
,,,,
,,,,
,,,,
,,,,
,,,,
,,,,
,,,,
,,,,
,,,,
,,,,
,,,,
,,,,
,,,,
,,,,
,,,,
,,,,
,,,,
,,,,
,,,,
,,,,
,,,,
,,,,
,,,,
,,,,
,,,,
,,,,
,,,,
,,,,
,,,,
,,,,
,,,,
,,,,
,,,,
,,,,
,,,,
,,,,
,,,,
,,,,
,,,,
,,,,
,,,,
,,,,
,,,,
,,,,
,,,,
,,,,
,,,,
,,,,
,,,,
,,,,
,,,,
,,,,
,,,,
,,,,
,,,,
,,,,
,,,,
,,,,
,,,,
,,,,
,,,,
,,,,
,,,,
,,,,
,,,,
,,,,
,,,,
,,,,
,,,,
,,,,
,,,,
,,,,
,,,,
,,,,
,,,,
,,,,
,,,,
,,,,
,,,,
,,,,
,,,,
,,,,
,,,,
,,,,
,,,,
,,,,
,,,,
,,,,
,,,,
,,,,
,,,,
,,,,
,,,,
,,,,
,,,,
,,,,
,,,,
,,,,
,,,,
,,,,
,,,,
,,,,
,,,,
,,,,
,,,,
,,,,
,,,,
,,,,
,,,,
,,,,
,,,,
,,,,
,,,,
,,,,
,,,,
,,,,
,,,,
,,,,
,,,,
,,,,
,,,,
,,,,
,,,,
,,,,
,,,,
,,,,
,,,,
,,,,
,,,,
,,,,
,,,,
,,,,
,,,,
,,,,
,,,,
,,,,
,,,,
,,,,
,,,,
,,,,
,,,,
,,,,
,,,,
,,,,
,,,,
,,,,
,,,,
,,,,
,,,,
,,,,
,,,,
,,,,
,,,,
,,,,
,,,,
,,,,
,,,,
,,,,
,,,,
,,,,
,,,,
,,,,
,,,,
,,,,
,,,,
,,,,
,,,,
,,,,
,,,,
,,,,
,,,,
,,,,
,,,,
,,,,
,,,,
,,,,
,,,,
,,,,
,,,,
,,,,
,,,,
,,,,
,,,,
,,,,
,,,,
,,,,
,,,,
,,,,
,,,,
,,,,
,,,,
,,,,
,,,,
,,,,
,,,,
,,,,
,,,,
,,,,
,,,,
,,,,
,,,,
,,,,
,,,,
,,,,
,,,,
,,,,
,,,,
,,,,
,,,,
,,,,
,,,,
,,,,
,,,,
,,,,
,,,,
,,,,
,,,,
,,,,
,,,,
,,,,
,,,,
,,,,
,,,,
,,,,
,,,,
,,,,
,,,,
,,,,
,,,,
,,,,
,,,,
,,,,
,,,,
,,,,
,,,,
,,,,
,,,,
,,,,
,,,,
,,,,
,,,,
,,,,
,,,,
,,,,
,,,,
,,,,
,,,,
,,,,
,,,,
,,,,
,,,,
,,,,
,,,,
,,,,
,,,,
,,,,
,,,,
,,,,
,,,,
,,,,
,,,,
,,,,
,,,,
,,,,
,,,,
,,,,
,,,,
,,,,
,,,,
,,,,
,,,,
,,,,
,,,,
,,,,
,,,,
,,,,
,,,,
,,,,
,,,,
,,,,
,,,,
,,,,
,,,,
,,,,
,,,,
,,,,
,,,,
,,,,
,,,,
,,,,
,,,,
,,,,
,,,,
,,,,
,,,,
,,,,
,,,,
,,,,
,,,,
,,,,
,,,,
,,,,
,,,,
,,,,
,,,,
,,,,
,,,,
,,,,
,,,,
,,,,
,,,,
,,,,
,,,,
,,,,
,,,,
,,,,
,,,,
,,,,
,,,,
,,,,
,,,,
,,,,
,,,,
,,,,
,,,,
,,,,
,,,,
,,,,
,,,,
,,,,
,,,,
,,,,
,,,,
,,,,
,,,,
,,,,
,,,,
,,,,
,,,,
,,,,
,,,,
,,,,
,,,,
,,,,
,,,,
,,,,
,,,,
,,,,
,,,,
,,,,
,,,,
,,,,
,,,,
,,,,
,,,,
,,,,
,,,,
,,,,
,,,,
,,,,
,,,,
,,,,
,,,,
,,,,
,,,,
,,,,
,,,,
,,,,
,,,,
,,,,
,,,,
,,,,
,,,,
,,,,
,,,,
,,,,
,,,,
,,,,
,,,,
,,,,
,,,,
,,,,
,,,,
,,,,
,,,,
,,,,
,,,,
,,,,
,,,,
,,,,
,,,,
,,,,
,,,,
,,,,
,,,,
,,,,
,,,,
,,,,
,,,,
,,,,
,,,,
,,,,
,,,,
,,,,
,,,,
,,,,
,,,,
,,,,
,,,,
,,,,
,,,,
,,,,
,,,,
,,,,
,,,,
,,,,
,,,,
,,,,
,,,,
,,,,
,,,,
,,,,
,,,,
,,,,
,,,,
,,,,
,,,,
,,,,
,,,,
,,,,
,,,,
,,,,
,,,,
,,,,
,,,,
,,,,
,,,,
,,,,
,,,,
,,,,
,,,,
,,,,
,,,,
,,,,
,,,,
,,,,
,,,,
,,,,
,,,,
,,,,
,,,,
,,,,
,,,,
,,,,
,,,,
,,,,
,,,,
,,,,
,,,,
,,,,
,,,,
,,,,
,,,,
,,,,
,,,,
,,,,
,,,,
,,,,
,,,,
,,,,
,,,,
,,,,
,,,,
,,,,
,,,,
,,,,
,,,,
,,,,
,,,,
,,,,
,,,,
,,,,
,,,,
,,,,
,,,,
,,,,
,,,,
,,,,
,,,,
,,,,
,,,,
,,,,
,,,,
,,,,
,,,,
,,,,
,,,,
,,,,
,,,,
,,,,
,,,,
,,,,
,,,,
,,,,
,,,,
,,,,
,,,,
,,,,
,,,,
,,,,
,,,,
,,,,
,,,,
,,,,
,,,,
,,,,
,,,,
,,,,
,,,,
,,,,
,,,,
,,,,
,,,,
,,,,
,,,,
,,,,
,,,,
,,,,
,,,,
,,,,
,,,,
,,,,
,,,,
,,,,
,,,,
,,,,
,,,,
,,,,
,,,,
,,,,
,,,,
,,,,
,,,,
,,,,
,,,,
,,,,
,,,,
,,,,
,,,,
,,,,
,,,,
,,,,
,,,,
,,,,
,,,,
,,,,
,,,,
,,,,
,,,,
,,,,
,,,,
,,,,
,,,,
,,,,
,,,,
,,,,
,,,,
,,,,
,,,,
,,,,
,,,,
,,,,
,,,,
,,,,
,,,,
,,,,
,,,,
,,,,
,,,,
,,,,
,,,,
,,,,
,,,,
,,,,
,,,,
,,,,
,,,,
,,,,
,,,,
,,,,
,,,,
,,,,
,,,,
,,,,
,,,,
,,,,
,,,,
,,,,
,,,,
,,,,
,,,,
,,,,
,,,,
,,,,
,,,,
,,,,
,,,,
,,,,
,,,,
,,,,
,,,,
,,,,
,,,,
,,,,
,,,,
,,,,
,,,,
,,,,
,,,,
,,,,
,,,,
,,,,
,,,,
,,,,
,,,,
,,,,
,,,,
,,,,
,,,,
,,,,
,,,,
,,,,
,,,,
,,,,
,,,,
,,,,
,,,,
,,,,
,,,,
,,,,
,,,,
,,,,
,,,,
,,,,
,,,,
,,,,
,,,,
,,,,
,,,,
,,,,
,,,,
,,,,
,,,,
,,,,
,,,,
,,,,
,,,,
,,,,
,,,,
,,,,
,,,,
,,,,
,,,,
,,,,
,,,,
,,,,
,,,,
,,,,
,,,,
,,,,
,,,,
,,,,
,,,,
,,,,
,,,,
,,,,
,,,,
,,,,
,,,,
,,,,
,,,,
,,,,
,,,,
,,,,
,,,,
,,,,
,,,,
,,,,
,,,,
,,,,
,,,,
,,,,
,,,,
,,,,
,,,,
,,,,
,,,,
,,,,
,,,,
,,,,
,,,,
,,,,
,,,,
,,,,
,,,,
,,,,
,,,,
,,,,
,,,,
,,,,
,,,,
,,,,
,,,,
,,,,
,,,,
,,,,
,,,,
,,,,
,,,,
,,,,
,,,,
,,,,
,,,,
,,,,
,,,,
,,,,
,,,,
,,,,
,,,,
,,,,
,,,,
,,,,
,,,,
,,,,
,,,,
,,,,
,,,,
,,,,
,,,,
,,,,
,,,,
,,,,
,,,,
,,,,
,,,,
,,,,
,,,,
,,,,
,,,,
,,,,
,,,,
,,,,
,,,,
,,,,
,,,,
,,,,
,,,,
,,,,
,,,,
,,,,
,,,,
,,,,
,,,,
,,,,
,,,,
,,,,
,,,,
,,,,
,,,,
,,,,
,,,,
,,,,
,,,,
,,,,
,,,,
,,,,
,,,,
,,,,
,,,,
,,,,
,,,,
,,,,
,,,,
,,,,
,,,,
,,,,
,,,,
,,,,
,,,,
,,,,
,,,,
,,,,
,,,,
,,,,
,,,,
,,,,
,,,,
,,,,
,,,,
,,,,
,,,,
,,,,
,,,,
,,,,
,,,,
,,,,
,,,,
,,,,
,,,,
,,,,
,,,,
,,,,
,,,,
,,,,
,,,,
,,,,
,,,,
,,,,
,,,,
,,,,
,,,,
,,,,
,,,,
,,,,
,,,,
,,,,
,,,,
,,,,
,,,,
,,,,
,,,,
,,,,
,,,,
,,,,
,,,,
,,,,
,,,,
,,,,
,,,,
,,,,
,,,,
,,,,
,,,,
,,,,
,,,,
,,,,
,,,,
,,,,
,,,,
,,,,
,,,,
,,,,
,,,,
,,,,
,,,,
,,,,
,,,,
,,,,
,,,,
,,,,
,,,,
,,,,
,,,,
,,,,
,,,,
,,,,
,,,,
,,,,
,,,,
,,,,
,,,,
,,,,
,,,,
,,,,
,,,,
,,,,
,,,,
,,,,
,,,,
,,,,
,,,,
,,,,
,,,,
,,,,
,,,,
,,,,
,,,,
,,,,
,,,,
,,,,
,,,,
,,,,
,,,,
,,,,
,,,,
,,,,
,,,,
,,,,
,,,,
,,,,
,,,,
,,,,
,,,,
,,,,
,,,,
,,,,
,,,,
,,,,
,,,,
,,,,
,,,,
,,,,
,,,,
,,,,
,,,,
,,,,
,,,,
,,,,
,,,,
,,,,
,,,,
,,,,
,,,,
,,,,
,,,,
,,,,
,,,,
,,,,
,,,,
,,,,
,,,,
,,,,
,,,,
,,,,
,,,,
,,,,
,,,,
,,,,
,,,,
,,,,
,,,,
,,,,
,,,,
,,,,
,,,,
,,,,
,,,,
,,,,
,,,,
,,,,
,,,,
,,,,
,,,,
,,,,
,,,,
,,,,
,,,,
,,,,
,,,,
,,,,
,,,,
,,,,
,,,,
,,,,
,,,,
,,,,
,,,,
,,,,
,,,,
,,,,
,,,,
,,,,
,,,,
,,,,
,,,,
,,,,
,,,,
,,,,
,,,,
,,,,
,,,,
,,,,
,,,,
,,,,
,,,,
,,,,
,,,,
,,,,
,,,,
,,,,
,,,,
,,,,
,,,,
,,,,
,,,,
,,,,
,,,,
,,,,
,,,,
,,,,
,,,,
,,,,
,,,,
,,,,
,,,,
,,,,
,,,,
,,,,
,,,,
,,,,
,,,,
,,,,
,,,,
,,,,
,,,,
,,,,
,,,,
,,,,
,,,,
,,,,
,,,,
,,,,
,,,,
,,,,
,,,,
,,,,
,,,,
,,,,
,,,,
,,,,
,,,,
,,,,
,,,,
,,,,
,,,,
,,,,
,,,,
,,,,
,,,,
,,,,
,,,,
,,,,
,,,,
,,,,
,,,,
,,,,
,,,,
,,,,
,,,,
,,,,
,,,,
,,,,
,,,,
,,,,
,,,,
,,,,
,,,,
,,,,
,,,,
,,,,
,,,,
,,,,
,,,,
,,,,
,,,,
,,,,
,,,,
,,,,
,,,,
,,,,
,,,,
,,,,
,,,,
,,,,
,,,,
,,,,
,,,,
,,,,
,,,,
,,,,
,,,,
,,,,
,,,,
,,,,
,,,,
,,,,
,,,,
,,,,
,,,,
,,,,
,,,,
,,,,
,,,,
,,,,
,,,,
,,,,
,,,,
,,,,
,,,,
,,,,
,,,,
,,,,
,,,,
,,,,
,,,,
,,,,
,,,,
,,,,
,,,,
,,,,
,,,,
,,,,
,,,,
,,,,
,,,,
,,,,
,,,,
,,,,
,,,,
,,,,
,,,,
,,,,
,,,,
,,,,
,,,,
,,,,
,,,,
,,,,
,,,,
,,,,
,,,,
,,,,
,,,,
,,,,
,,,,
,,,,
,,,,
,,,,
,,,,
,,,,
,,,,
,,,,
,,,,
,,,,
,,,,
,,,,
,,,,
,,,,
,,,,
,,,,
,,,,
,,,,
,,,,
,,,,
,,,,
,,,,
,,,,
,,,,
,,,,
,,,,
,,,,
,,,,
,,,,
,,,,
,,,,
,,,,
,,,,
,,,,
,,,,
,,,,
,,,,
,,,,
,,,,
,,,,
,,,,
,,,,
,,,,
,,,,
,,,,
,,,,
,,,,
,,,,
,,,,
,,,,
,,,,
,,,,
,,,,
,,,,
,,,,
,,,,
,,,,
,,,,
,,,,
,,,,
,,,,
,,,,
,,,,
,,,,
,,,,
,,,,
,,,,
,,,,
,,,,
,,,,
,,,,
,,,,
,,,,
,,,,
,,,,
,,,,
,,,,
,,,,
,,,,
,,,,
,,,,
,,,,
,,,,
,,,,
,,,,
,,,,
,,,,
,,,,
,,,,
,,,,
,,,,
,,,,
,,,,
,,,,
,,,,
,,,,
,,,,
,,,,
,,,,
,,,,
,,,,
,,,,
,,,,
,,,,
,,,,
,,,,
,,,,
,,,,
,,,,
,,,,
,,,,
,,,,
,,,,
,,,,
,,,,
,,,,
,,,,
,,,,
,,,,
,,,,
,,,,
,,,,
,,,,
,,,,
,,,,
,,,,
,,,,
,,,,
,,,,
,,,,
,,,,
,,,,
,,,,
,,,,
,,,,
,,,,
,,,,
,,,,
,,,,
,,,,
,,,,
,,,,
,,,,
,,,,
,,,,
,,,,
,,,,
,,,,
,,,,
,,,,
,,,,
,,,,
,,,,
,,,,
,,,,
,,,,
,,,,
,,,,
,,,,
,,,,
,,,,
,,,,
,,,,
,,,,
,,,,
,,,,
,,,,
,,,,
,,,,
,,,,
,,,,
,,,,
,,,,
,,,,
,,,,
,,,,
,,,,
,,,,
,,,,
,,,,
,,,,
,,,,
,,,,
,,,,
,,,,
,,,,
,,,,
,,,,
,,,,
,,,,
,,,,
,,,,
,,,,
,,,,
,,,,
,,,,
,,,,
,,,,
,,,,
,,,,
,,,,
,,,,
,,,,
,,,,
,,,,
,,,,
,,,,
,,,,
,,,,
,,,,
,,,,
,,,,
,,,,
,,,,
,,,,
,,,,
,,,,
,,,,
,,,,
,,,,
,,,,
,,,,
,,,,
,,,,
,,,,
,,,,
,,,,
,,,,
,,,,
,,,,
,,,,
,,,,
,,,,
,,,,
,,,,
,,,,
,,,,
,,,,
,,,,
,,,,
,,,,
,,,,
,,,,
,,,,
,,,,
,,,,
,,,,
,,,,
,,,,
,,,,
,,,,
,,,,
,,,,
,,,,
,,,,
,,,,
,,,,
,,,,
,,,,
,,,,
,,,,
,,,,
,,,,
,,,,
,,,,
,,,,
,,,,
,,,,
,,,,
,,,,
,,,,
,,,,
,,,,
,,,,
,,,,
,,,,
,,,,
,,,,
,,,,
,,,,
,,,,
,,,,
,,,,
,,,,
,,,,
,,,,
,,,,
,,,,
,,,,
,,,,
,,,,
,,,,
,,,,
,,,,
,,,,
,,,,
,,,,
,,,,
,,,,
,,,,
,,,,
,,,,
,,,,
,,,,
,,,,
,,,,
,,,,
,,,,
,,,,
,,,,
,,,,
,,,,
,,,,
,,,,
,,,,
,,,,
,,,,
,,,,
,,,,
,,,,
,,,,
,,,,
,,,,
,,,,
,,,,
,,,,
,,,,
,,,,
,,,,
,,,,
,,,,
,,,,
,,,,
,,,,
,,,,
,,,,
,,,,
,,,,
,,,,
,,,,
,,,,
,,,,
,,,,
,,,,
,,,,
,,,,
,,,,
,,,,
,,,,
,,,,
,,,,
,,,,
,,,,
,,,,
,,,,
,,,,
,,,,
,,,,
,,,,
,,,,
,,,,
,,,,
,,,,
,,,,
,,,,
,,,,
,,,,
,,,,
,,,,
,,,,
,,,,
,,,,
,,,,
,,,,
,,,,
,,,,
,,,,
,,,,
,,,,
,,,,
,,,,
,,,,
,,,,
,,,,
,,,,
,,,,
,,,,
,,,,
,,,,
,,,,
,,,,
,,,,
,,,,
,,,,
,,,,
,,,,
,,,,
,,,,
,,,,
,,,,
,,,,
,,,,
,,,,
,,,,
,,,,
,,,,
,,,,
,,,,
,,,,
,,,,
,,,,
,,,,
,,,,
,,,,
,,,,
,,,,
,,,,
,,,,
,,,,
,,,,
,,,,
,,,,
,,,,
,,,,
,,,,
,,,,
,,,,
,,,,
,,,,
,,,,
,,,,
,,,,
,,,,
,,,,
,,,,
,,,,
,,,,
,,,,
,,,,
,,,,
,,,,
,,,,
,,,,
,,,,
,,,,
,,,,
,,,,
,,,,
,,,,
,,,,
,,,,
,,,,
,,,,
,,,,
,,,,
,,,,
,,,,
,,,,
,,,,
,,,,
,,,,
,,,,
,,,,
,,,,
,,,,
,,,,
,,,,
,,,,
,,,,
,,,,
,,,,
,,,,
,,,,
,,,,
,,,,
,,,,
,,,,
,,,,
,,,,
,,,,
,,,,
,,,,
,,,,
,,,,
,,,,
,,,,
,,,,
,,,,
,,,,
,,,,
,,,,
,,,,
,,,,
,,,,
,,,,
,,,,
,,,,
,,,,
,,,,
,,,,
,,,,
,,,,
,,,,
,,,,
,,,,
,,,,
,,,,
,,,,
,,,,
,,,,
,,,,
,,,,
,,,,
,,,,
,,,,
,,,,
,,,,
,,,,
,,,,
,,,,
,,,,
,,,,
,,,,
,,,,
,,,,
,,,,
,,,,
,,,,
,,,,
,,,,
,,,,
,,,,
,,,,
,,,,
,,,,
,,,,
,,,,
,,,,
,,,,
,,,,
,,,,
,,,,
,,,,
,,,,
,,,,
,,,,
,,,,
,,,,
,,,,
,,,,
,,,,
,,,,
,,,,
,,,,
,,,,
,,,,
,,,,
,,,,
,,,,
,,,,
,,,,
,,,,
,,,,
,,,,
,,,,
,,,,
,,,,
,,,,
,,,,
,,,,
,,,,
,,,,
,,,,
,,,,
,,,,
,,,,
,,,,
,,,,
,,,,
,,,,
,,,,
,,,,
,,,,
,,,,
,,,,
,,,,
,,,,
,,,,
,,,,
,,,,
,,,,
,,,,
,,,,
,,,,
,,,,
,,,,
,,,,
,,,,
,,,,
,,,,
,,,,
,,,,
,,,,
,,,,
,,,,
,,,,
,,,,
,,,,
,,,,
,,,,
,,,,
,,,,
,,,,
,,,,
,,,,
,,,,
,,,,
,,,,
,,,,
,,,,
,,,,
,,,,
,,,,
,,,,
,,,,
,,,,
,,,,
,,,,
,,,,
,,,,
,,,,
,,,,
,,,,
,,,,
,,,,
,,,,
,,,,
,,,,
,,,,
,,,,
,,,,
,,,,
,,,,
,,,,
,,,,
,,,,
,,,,
,,,,
,,,,
,,,,
,,,,
,,,,
,,,,
,,,,
,,,,
,,,,
,,,,
,,,,
,,,,
,,,,
,,,,
,,,,
,,,,
,,,,
,,,,
,,,,
,,,,
,,,,
,,,,
,,,,
,,,,
,,,,
,,,,
,,,,
,,,,
,,,,
,,,,
,,,,
,,,,
,,,,
,,,,
,,,,
,,,,
,,,,
,,,,
,,,,
,,,,
,,,,
,,,,
,,,,
,,,,
,,,,
,,,,
,,,,
,,,,
,,,,
,,,,
,,,,
,,,,
,,,,
,,,,
,,,,
,,,,
,,,,
,,,,
,,,,
,,,,
,,,,
,,,,
,,,,
,,,,
,,,,
,,,,
,,,,
,,,,
,,,,
,,,,
,,,,
,,,,
,,,,
,,,,
,,,,
,,,,
,,,,
,,,,
,,,,
,,,,
,,,,
,,,,
,,,,
,,,,
,,,,
,,,,
,,,,
,,,,
,,,,
,,,,
,,,,
,,,,
,,,,
,,,,
,,,,
,,,,
,,,,
,,,,
,,,,
,,,,
,,,,
,,,,
,,,,
,,,,
,,,,
,,,,
,,,,
,,,,
,,,,
,,,,
,,,,
,,,,
,,,,
,,,,
,,,,
,,,,
,,,,
,,,,
,,,,
,,,,
,,,,
,,,,
,,,,
,,,,
,,,,
,,,,
,,,,
,,,,
,,,,
,,,,
,,,,
,,,,
,,,,
,,,,
,,,,
,,,,
,,,,
,,,,
,,,,
,,,,
,,,,
,,,,
,,,,
,,,,
,,,,
,,,,
,,,,
,,,,
,,,,
,,,,
,,,,
,,,,
,,,,
,,,,
,,,,
,,,,
,,,,
,,,,
,,,,
,,,,
,,,,
,,,,
,,,,
,,,,
,,,,
,,,,
,,,,
,,,,
,,,,
,,,,
,,,,
,,,,
,,,,
,,,,
,,,,
,,,,
,,,,
,,,,
,,,,
,,,,
,,,,
,,,,
,,,,
,,,,
,,,,
,,,,
,,,,
,,,,
,,,,
,,,,
,,,,
,,,,
,,,,
,,,,
,,,,
,,,,
,,,,
,,,,
,,,,
,,,,
,,,,
,,,,
,,,,
,,,,
,,,,
,,,,
,,,,
,,,,
,,,,
,,,,
,,,,
,,,,
,,,,
,,,,
,,,,
,,,,
,,,,
,,,,
,,,,
,,,,
,,,,
,,,,
,,,,
,,,,
,,,,
,,,,
,,,,
,,,,
,,,,
,,,,
,,,,
,,,,
,,,,
,,,,
,,,,
,,,,
,,,,
,,,,
,,,,
,,,,
,,,,
,,,,
,,,,
,,,,
,,,,
,,,,
,,,,
,,,,
,,,,
,,,,
,,,,
,,,,
,,,,
,,,,
,,,,
,,,,
,,,,
,,,,
,,,,
,,,,
,,,,
,,,,
,,,,
,,,,
,,,,
,,,,
,,,,
,,,,
,,,,
,,,,
,,,,
,,,,
,,,,
,,,,
,,,,
,,,,
,,,,
,,,,
,,,,
,,,,
,,,,
,,,,
,,,,
,,,,
,,,,
,,,,
,,,,
,,,,
,,,,
,,,,
,,,,
,,,,